t,target_a,speed_a,duty_a,steps_a,target_b,speed_b,duty_b,steps_b,battery_v
0.05,3.43,0.0,1,0.0,3.43,0.0,1,0.0,
0.1,3.43,1.095,1,37.75,3.43,0.689,1,23.75,
0.15,3.43,2.863,0.792,136.5,3.43,2.733,0.682,118.0,
0.2,3.43,3.29,0.949,250.0,3.43,3.333,0.796,233.0,
0.25,3.43,3.391,0.99,367.0,3.43,3.304,0.98,347.0,
0.3,3.43,3.541,0.905,489.25,3.43,3.389,0.923,464.0,
0.35,3.43,3.612,0.875,613.75,3.43,3.488,0.873,584.25,
0.4,3.43,3.587,0.891,737.5,3.43,3.536,0.854,706.25,
0.45,3.43,3.522,0.914,859.0,3.43,3.558,0.836,829.0,
0.5,3.43,3.588,0.837,983.0,3.43,3.654,0.753,955.25,
0.55,3.43,3.614,0.816,1107.5,3.43,3.665,0.742,1081.5,
0.6,3.43,3.645,0.776,1233.25,3.43,3.682,0.705,1208.5,
0.65,3.43,3.586,0.806,1357.0,3.43,3.578,0.76,1332.0,
0.7,3.43,3.711,0.676,1485.0,3.43,3.689,0.63,1459.25,
0.75,3.43,3.652,0.718,1611.0,3.43,3.638,0.665,1584.75,
0.8,3.43,3.615,0.707,1735.75,3.43,3.557,0.693,1707.5,
0.85,3.43,3.652,0.647,1861.75,3.43,3.587,0.633,1831.25,
0.9,3.43,3.637,0.642,1987.25,3.43,3.565,0.639,1954.25,
0.95,3.43,3.646,0.607,2113.0,3.43,3.573,0.611,2077.5,
1.0,3.43,3.602,0.618,2237.25,3.43,3.536,0.625,2199.5,
1.05,3.43,3.55,0.625,2359.75,3.43,3.529,0.609,2321.25,
1.1,3.43,3.512,0.628,2481.0,3.43,3.476,0.636,2441.25,
1.15,3.43,3.639,0.512,2606.75,3.43,3.574,0.542,2564.75,
1.2,3.43,3.542,0.59,2728.75,3.43,3.528,0.582,2686.25,
1.25,3.43,3.523,0.568,2850.25,3.43,3.494,0.587,2806.75,
1.3,3.43,3.492,0.577,2970.75,3.43,3.471,0.588,2926.5,
1.35,3.43,3.522,0.538,3092.25,3.43,3.508,0.549,3047.5,
1.4,3.43,3.485,0.564,3212.5,3.43,3.478,0.572,3167.5,
1.45,3.43,3.558,0.492,3335.25,3.43,3.529,0.52,3289.25,
1.5,3.43,3.486,0.55,3455.5,3.43,3.471,0.565,3409.0,
1.55,3.43,3.468,0.539,3575.25,3.43,3.439,0.57,3527.75,
1.601,3.43,3.491,0.512,3697.5,3.43,3.506,0.51,3650.5,
1.65,3.43,3.49,0.512,3816.0,3.43,3.512,0.513,3769.75,
1.7,3.43,3.464,0.525,3935.5,3.43,3.449,0.553,3888.75,
1.75,3.43,3.486,0.497,4055.75,3.43,3.478,0.513,4008.75,
1.8,3.43,3.471,0.507,4175.5,3.43,3.449,0.537,4127.75,
1.85,3.43,3.428,0.533,4293.75,3.43,3.406,0.561,4245.25,
1.9,3.43,3.435,0.516,4412.25,3.43,3.464,0.508,4364.75,
1.95,3.43,3.453,0.503,4531.5,3.43,3.467,0.515,4484.5,
2.0,3.43,3.451,0.506,4650.5,3.43,3.473,0.507,4604.25,
2.05,3.43,3.392,0.55,4767.5,3.43,3.392,0.569,4721.25,
2.1,3.43,3.448,0.495,4887.0,3.43,3.44,0.512,4840.5,
2.15,3.43,3.474,0.487,5006.25,3.43,3.459,0.508,4959.25,
2.2,3.43,3.384,0.558,5123.0,3.43,3.398,0.557,5076.5,
2.25,3.43,3.457,0.484,5242.25,3.43,3.457,0.5,5195.75,
2.3,3.43,3.456,0.499,5361.5,3.43,3.456,0.512,5315.0,
2.35,3.43,3.479,0.479,5481.5,3.43,3.457,0.508,5434.25,
2.4,3.43,3.428,0.518,5600.0,3.43,3.406,0.544,5552.0,
2.45,3.43,3.383,0.539,5716.5,3.43,3.362,0.568,5667.75,
2.5,3.43,3.413,0.511,5834.25,3.43,3.435,0.509,5786.25,
2.55,3.43,3.368,0.555,5950.5,3.43,3.39,0.561,5903.25,
2.6,3.43,3.465,0.476,6070.0,3.43,3.458,0.502,6022.5,
2.65,3.43,3.45,0.508,6189.0,3.43,3.45,0.522,6141.5,
2.7,3.43,3.42,0.525,6307.0,3.43,3.399,0.557,6258.75,
2.75,3.43,3.34,0.58,6422.25,3.43,3.384,0.559,6375.5,
2.8,3.43,3.433,0.501,6540.75,3.43,3.483,0.486,6495.75,
2.85,3.43,3.428,0.525,6659.0,3.43,3.45,0.529,6614.75,
2.9,3.43,3.378,0.563,6775.5,3.43,3.415,0.546,6732.5,
2.95,3.43,3.464,0.49,6895.0,3.43,3.457,0.505,6851.75,
3.0,2.0,3.478,0,7015.0,2.0,3.45,0,6970.75,
3.05,2.0,3.304,0,7129.0,2.0,3.347,0,7086.25,
3.1,2.0,3.015,0,7233.0,2.0,3.059,0,7191.75,
3.15,2.0,2.725,0,7327.0,2.0,2.775,0,7287.5,
3.2,2.0,2.456,0,7411.75,2.0,2.493,0,7373.5,
3.25,2.0,2.203,0,7487.75,2.0,2.232,0,7450.5,
3.3,2.0,1.927,0.108,7554.25,2.0,1.963,0.085,7518.25,
3.35,2.0,1.783,0.157,7615.75,2.0,1.805,0.145,7580.5,
3.4,2.0,1.768,0.158,7676.75,2.0,1.761,0.162,7641.25,
3.45,2.0,1.783,0.17,7738.25,2.0,1.804,0.145,7703.5,
3.5,2.0,1.819,0.171,7801.0,2.0,1.877,0.124,7768.25,
3.55,2.0,1.928,0.121,7867.5,2.0,1.906,0.136,7834.0,
3.6,2.0,1.934,0.15,7934.25,2.0,1.898,0.16,7899.5,
3.65,2.0,1.913,0.175,8000.25,2.0,1.949,0.129,7966.75,
3.7,2.0,1.943,0.156,8067.25,2.0,1.936,0.159,8033.5,
3.75,2.0,1.978,0.143,8135.5,2.0,1.978,0.131,8101.75,
3.8,2.0,2.014,0.128,8205.0,2.0,1.993,0.133,8170.5,
3.85,2.0,1.986,0.157,8273.5,2.0,1.949,0.171,8237.75,
3.9,2.0,1.949,0.179,8340.75,2.0,1.971,0.149,8305.75,
3.95,2.0,2.014,0.126,8410.25,2.0,2.022,0.118,8375.5,
4.0,2.0,1.942,0.196,8477.25,2.0,1.993,0.151,8444.25,
4.05,2.0,1.942,0.185,8544.25,2.0,2.022,0.122,8514.0,
4.1,2.0,2.0,0.146,8613.25,2.0,1.942,0.189,8581.0,
4.15,2.0,2.022,0.145,8683.0,2.0,1.986,0.141,8649.5,
4.2,2.0,2.043,0.132,8753.5,2.0,2.035,0.115,8719.75,
4.25,2.0,2.059,0.12,8824.5,2.0,2.066,0.1,8791.0,
4.3,2.0,1.977,0.18,8892.75,2.0,1.991,0.157,8859.75,
4.35,2.0,1.936,0.193,8959.5,2.0,1.885,0.221,8924.75,
4.4,2.0,1.956,0.176,9027.0,2.0,1.927,0.178,8991.25,
4.45,2.0,2.006,0.147,9096.25,2.0,2.042,0.107,9061.75,
4.5,2.0,2.073,0.108,9167.75,2.0,2.109,0.08,9134.5,
4.55,2.0,2.008,0.165,9237.0,2.0,2.037,0.138,9204.75,
4.6,2.0,1.958,0.187,9304.5,2.0,1.944,0.19,9271.75,
4.65,2.0,2.065,0.097,9375.75,2.0,1.993,0.133,9340.5,
4.7,2.0,1.942,0.211,9442.75,2.0,1.957,0.174,9408.0,
4.75,2.0,1.971,0.163,9510.75,2.0,2.0,0.136,9477.0,
4.8,2.0,2.022,0.135,9580.5,2.0,2.043,0.114,9547.5,
4.85,2.0,2.029,0.139,9650.5,2.0,2.029,0.131,9617.5,
4.9,2.0,2.022,0.143,9720.25,2.0,1.971,0.167,9685.5,
4.95,2.0,1.985,0.166,9788.75,2.0,1.956,0.168,9753.0,
5.0,2.0,1.942,0.192,9855.75,2.0,1.979,0.152,9821.25,
5.05,2.0,1.955,0.178,9923.25,2.0,2.021,0.128,9891.0,
5.1,2.0,2.059,0.107,9994.25,2.0,2.088,0.084,9963.0,
5.15,2.0,2.036,0.143,10064.5,2.0,2.007,0.153,10032.25,
5.2,2.0,1.964,0.189,10132.25,2.0,1.935,0.187,10099.0,
5.25,2.0,1.975,0.167,10200.5,2.0,1.96,0.158,10166.75,
5.3,2.0,1.973,0.174,10268.5,2.0,1.995,0.142,10235.5,
5.35,2.0,2.02,0.14,10338.25,2.0,2.056,0.104,10306.5,
5.4,2.0,2.061,0.119,10409.25,2.0,2.046,0.121,10377.0,
5.45,2.0,2.0,0.168,10478.25,2.0,1.971,0.17,10445.0,
5.5,2.0,1.964,0.181,10546.0,2.0,1.978,0.15,10513.25,
5.55,2.0,1.992,0.155,10614.75,2.0,1.992,0.143,10582.0,
5.6,2.0,2.066,0.107,10686.0,2.0,2.058,0.097,10653.0,
5.65,2.0,2.029,0.145,10756.0,2.0,2.015,0.14,10722.5,
5.7,2.0,1.963,0.183,10823.75,2.0,1.934,0.19,10789.25,
5.75,2.0,2.029,0.119,10893.75,2.0,2.008,0.12,10858.5,
5.8,2.0,2.015,0.144,10963.25,2.0,2.029,0.121,10928.5,
5.85,2.0,2.0,0.149,11032.25,2.0,2.029,0.123,10998.5,
5.9,2.0,1.956,0.18,11099.75,2.0,1.942,0.187,11065.5,
5.95,2.0,1.986,0.151,11168.25,2.0,1.971,0.148,11133.5,
