duty,t,speed_a,steps_a,speed_b,steps_b,settled,battery_v
0.1,0.05,0.072,2.5,0.173,6.0,0,
0.1,0.1,0.138,7.25,0.298,16.25,0,
0.1,0.15,0.225,15.0,0.406,30.25,0,
0.1,0.2,0.297,25.25,0.507,47.75,0,
0.1,0.25,0.399,39.0,0.587,68.0,0,
0.1,0.3,0.427,53.75,0.637,90.0,0,
0.1,0.35,0.399,67.5,0.696,114.0,0,
0.1,0.4,0.457,83.25,0.783,141.0,0,
0.1,0.45,0.507,100.75,0.862,170.75,0,
0.1,0.5,0.565,120.25,0.935,203.0,0,
0.1,0.55,0.631,142.0,0.986,237.0,0,
0.1,0.6,0.703,166.25,1.08,274.25,0,
0.1,0.651,0.734,191.75,1.094,312.25,0,
0.1,0.7,0.78,218.5,1.131,351.0,0,
0.1,0.75,0.826,247.0,1.196,392.25,0,
0.1,0.8,0.84,276.0,1.188,433.25,0,
0.1,0.85,0.869,306.0,1.174,473.75,0,
0.1,0.9,0.891,336.75,1.239,516.5,0,
0.1,0.95,0.899,367.75,1.246,559.5,0,
0.1,1.0,0.877,398.0,1.268,603.25,1,
0.1,1.05,0.895,429.0,1.198,644.75,1,
0.1,1.1,0.895,459.75,1.186,685.5,1,
0.1,1.15,0.906,491.0,1.239,728.25,1,
0.1,1.2,0.921,522.75,1.239,771.0,1,
0.1,1.25,0.934,555.0,1.253,814.25,1,
0.1,1.3,1.0,589.5,1.305,859.25,1,
0.1,1.35,1.015,624.5,1.312,904.5,1,
0.1,1.401,1.006,659.5,1.336,951.0,1,
0.1,1.45,1.016,694.25,1.352,997.25,1,
0.1,1.5,1.022,729.5,1.37,1044.5,1,
0.1,1.55,1.029,765.0,1.37,1091.75,1,
0.1,1.6,1.028,800.5,1.361,1138.75,1,
0.1,1.651,1.013,835.75,1.315,1184.5,1,
0.1,1.7,1.075,872.5,1.368,1231.25,1,
0.1,1.75,1.049,908.75,1.375,1278.75,1,
0.1,1.8,1.052,945.0,1.371,1326.0,1,
0.1,1.851,1.047,981.5,1.363,1373.5,1,
0.1,1.9,1.045,1017.25,1.411,1421.75,1,
0.1,1.95,1.071,1054.25,1.426,1471.0,1,
0.1,2.0,1.017,1089.25,1.38,1518.5,1,
0.1,2.051,1.103,1127.75,1.44,1568.75,1,
0.1,2.1,1.085,1164.75,1.43,1617.5,1,
0.1,2.15,1.091,1202.5,1.416,1666.5,1,
0.1,2.2,1.104,1240.5,1.423,1715.5,1,
0.1,2.25,1.108,1278.75,1.383,1763.25,1,
0.1,2.3,1.183,1319.5,1.473,1814.0,1,
0.1,2.35,1.145,1359.0,1.413,1862.75,1,
0.1,2.4,1.173,1399.5,1.383,1910.5,1,
0.1,2.45,1.109,1437.75,1.341,1956.75,1,
0.1,2.5,1.137,1477.0,1.377,2004.25,1,
0.1,2.55,1.16,1517.0,1.406,2052.75,1,
0.1,2.6,1.145,1556.5,1.391,2100.75,1,
0.1,2.65,1.174,1597.0,1.428,2150.0,1,
0.1,2.7,1.123,1635.75,1.42,2199.0,1,
0.1,2.75,1.181,1676.5,1.442,2248.75,1,
0.1,2.8,1.116,1715.0,1.391,2296.75,1,
0.1,2.85,1.152,1754.75,1.42,2345.75,1,
0.1,2.9,1.152,1794.5,1.464,2396.25,1,
0.1,2.95,1.152,1834.25,1.413,2445.0,1,
0.15,0.05,0.253,8.75,0.281,9.75,0,
0.15,0.1,0.477,25.25,0.528,28.0,0,
0.15,0.15,0.676,48.5,0.806,55.75,0,
0.15,0.2,0.848,77.75,1.022,91.0,0,
0.15,0.25,0.985,111.75,1.202,132.5,0,
0.15,0.3,1.137,151.0,1.347,179.0,0,
0.15,0.35,1.262,194.5,1.494,230.5,0,
0.15,0.4,1.377,242.0,1.609,286.0,0,
0.15,0.45,1.434,291.5,1.659,343.25,0,
0.15,0.5,1.53,344.25,1.791,405.0,0,
0.15,0.551,1.517,397.5,1.773,467.25,0,
0.15,0.6,1.645,453.25,1.925,532.5,0,
0.15,0.65,1.667,510.75,1.913,598.5,0,
0.15,0.7,1.659,568.0,1.906,664.25,0,
0.15,0.75,1.638,624.5,1.884,729.25,0,
0.15,0.801,1.69,683.25,1.971,797.75,0,
0.15,0.85,1.752,743.25,2.015,866.75,0,
0.15,0.9,1.797,805.25,2.065,938.0,0,
0.15,0.95,1.768,866.25,2.043,1008.5,0,
0.15,1.0,1.752,926.75,2.027,1078.5,1,
0.15,1.05,1.835,990.0,2.096,1150.75,1,
0.15,1.1,1.804,1052.25,2.058,1221.75,1,
0.15,1.151,1.801,1115.25,2.015,1292.25,1,
0.15,1.2,1.874,1179.0,2.102,1363.75,1,
0.15,1.25,1.848,1242.75,2.066,1435.0,1,
0.15,1.3,1.855,1306.75,2.109,1507.75,1,
0.15,1.35,1.84,1370.25,2.072,1579.25,1,
0.15,1.4,1.868,1434.75,2.085,1651.25,1,
0.15,1.45,1.885,1499.75,2.139,1725.0,1,
0.15,1.5,1.89,1565.0,2.136,1798.75,1,
0.15,1.55,1.936,1631.75,2.14,1872.5,1,
0.15,1.6,1.935,1698.5,2.123,1945.75,1,
0.15,1.65,1.92,1764.75,2.079,2017.5,1,
0.15,1.7,1.92,1831.0,2.116,2090.5,1,
0.15,1.75,1.912,1897.0,2.094,2162.75,1,
0.15,1.8,1.979,1965.25,2.167,2237.5,1,
0.15,1.851,1.922,2032.0,2.16,2312.5,1,
0.15,1.9,1.962,2099.25,2.188,2387.5,1,
0.15,1.95,1.956,2166.75,2.174,2462.5,1,
0.15,2.0,1.934,2233.5,2.195,2538.25,1,
0.15,2.05,1.927,2300.0,2.166,2613.0,1,
0.15,2.1,1.929,2366.5,2.19,2688.5,1,
0.15,2.15,1.898,2432.0,2.138,2762.25,1,
0.15,2.2,1.906,2497.75,2.138,2836.0,1,
0.15,2.25,1.927,2564.25,2.145,2910.0,1,
0.15,2.3,1.913,2630.25,2.13,2983.5,1,
0.15,2.35,1.957,2697.75,2.181,3058.75,1,
0.15,2.4,1.927,2764.25,2.123,3132.0,1,
0.15,2.45,1.971,2832.25,2.167,3206.75,1,
0.15,2.5,2.015,2901.75,2.196,3282.5,1,
0.15,2.55,1.964,2969.5,2.152,3356.75,1,
0.15,2.6,1.978,3037.75,2.123,3430.0,1,
0.15,2.65,1.978,3106.0,2.138,3503.75,1,
0.15,2.7,1.964,3173.75,2.174,3578.75,1,
0.15,2.751,2.005,3243.5,2.206,3655.5,1,
0.15,2.8,1.973,3311.0,2.185,3730.25,1,
0.15,2.85,1.956,3378.5,2.145,3804.25,1,
0.15,2.9,1.971,3446.5,2.174,3879.25,1,
0.15,2.95,1.993,3515.25,2.167,3954.0,1,
0.2,0.05,0.361,12.5,0.339,11.75,0,
0.2,0.1,0.688,36.25,0.782,38.75,0,
0.2,0.15,0.992,70.5,1.144,78.25,0,
0.2,0.2,1.248,113.5,1.43,127.5,0,
0.2,0.25,1.471,164.25,1.659,184.75,0,
0.2,0.3,1.638,220.75,1.819,247.5,0,
0.2,0.35,1.73,280.75,1.889,313.0,0,
0.2,0.4,1.821,343.25,1.981,381.0,0,
0.2,0.45,1.927,410.0,2.1,453.75,0,
0.2,0.5,1.965,477.5,2.154,527.75,0,
0.2,0.55,2.065,548.75,2.275,606.25,0,
0.2,0.6,2.101,621.25,2.26,684.25,0,
0.2,0.651,2.16,696.25,2.383,767.0,0,
0.2,0.7,2.232,772.75,2.429,850.25,0,
0.2,0.75,2.202,848.75,2.397,933.0,0,
0.2,0.8,2.305,928.25,2.458,1017.75,0,
0.2,0.85,2.326,1008.5,2.471,1103.0,0,
0.2,0.9,2.319,1088.5,2.456,1187.75,0,
0.2,0.95,2.341,1169.25,2.478,1273.25,0,
0.2,1.0,2.37,1251.0,2.536,1360.75,1,
0.2,1.05,2.355,1332.25,2.493,1446.75,1,
0.2,1.1,2.37,1414.0,2.544,1534.5,1,
0.2,1.15,2.333,1494.5,2.471,1619.75,1,
0.2,1.201,2.412,1578.25,2.548,1708.25,1,
0.2,1.251,2.374,1660.5,2.468,1793.75,1,
0.2,1.3,2.382,1741.75,2.485,1878.5,1,
0.2,1.35,2.441,1826.0,2.521,1965.5,1,
0.2,1.4,2.377,1908.0,2.522,2052.5,1,
0.2,1.45,2.406,1991.5,2.5,2139.25,1,
0.2,1.5,2.442,2075.25,2.573,2227.5,1,
0.2,1.55,2.4,2158.25,2.537,2315.25,1,
0.2,1.6,2.383,2240.25,2.521,2402.0,1,
0.2,1.65,2.399,2323.0,2.544,2489.75,1,
0.2,1.7,2.407,2406.5,2.522,2577.25,1,
0.2,1.75,2.397,2488.75,2.55,2664.75,1,
0.2,1.8,2.409,2572.0,2.561,2753.25,1,
0.2,1.85,2.395,2654.5,2.555,2841.25,1,
0.2,1.9,2.413,2737.75,2.609,2931.25,1,
0.2,1.95,2.384,2820.0,2.587,3020.5,1,
0.2,2.0,2.352,2901.25,2.54,3108.25,1,
0.2,2.05,2.437,2985.25,2.611,3198.25,1,
0.2,2.1,2.377,3067.25,2.522,3285.25,1,
0.2,2.15,2.362,3148.75,2.565,3373.75,1,
0.2,2.201,2.34,3230.0,2.469,3459.5,1,
0.2,2.25,2.392,3312.0,2.531,3546.25,1,
0.2,2.3,2.435,3396.0,2.58,3635.25,1,
0.2,2.35,2.413,3479.25,2.529,3722.5,1,
0.2,2.4,2.399,3562.0,2.5,3808.75,1,
0.2,2.45,2.413,3645.25,2.507,3895.25,1,
0.2,2.5,2.42,3728.75,2.464,3980.25,1,
0.2,2.55,2.413,3812.0,2.493,4066.25,1,
0.2,2.6,2.427,3895.75,2.543,4154.0,1,
0.2,2.65,2.42,3979.25,2.558,4242.25,1,
0.2,2.701,2.397,4062.5,2.519,4329.75,1,
0.2,2.75,2.458,4146.75,2.589,4418.5,1,
0.2,2.8,2.406,4229.75,2.522,4505.5,1,
0.2,2.85,2.428,4313.5,2.515,4592.25,1,
0.2,2.9,2.442,4397.75,2.536,4679.75,1,
0.2,2.95,2.449,4482.25,2.514,4766.5,1,
0.25,0.05,0.462,16.0,0.31,10.75,0,
0.25,0.1,0.921,47.75,0.892,41.5,0,
0.25,0.15,1.254,91.0,1.327,87.25,0,
0.25,0.2,1.529,143.75,1.638,143.75,0,
0.25,0.25,1.754,204.25,1.898,209.25,0,
0.25,0.3,1.977,272.5,2.129,282.75,0,
0.25,0.35,2.088,344.5,2.262,360.75,0,
0.25,0.4,2.273,423.0,2.425,444.5,0,
0.25,0.45,2.3,502.25,2.459,529.25,0,
0.25,0.5,2.391,584.75,2.522,616.25,0,
0.25,0.55,2.493,670.75,2.601,706.0,0,
0.25,0.6,2.507,757.25,2.608,796.0,0,
0.25,0.65,2.609,847.25,2.725,890.0,0,
0.25,0.7,2.587,936.5,2.681,982.5,0,
0.25,0.75,2.659,1028.25,2.724,1076.5,0,
0.25,0.8,2.694,1121.25,2.752,1171.5,0,
0.25,0.85,2.644,1212.5,2.702,1264.75,0,
0.25,0.9,2.711,1306.0,2.747,1359.5,0,
0.25,0.95,2.739,1400.5,2.797,1456.0,0,
0.25,1.0,2.674,1492.75,2.71,1549.5,1,
0.25,1.05,2.775,1588.5,2.826,1647.0,1,
0.25,1.1,2.725,1682.5,2.754,1742.0,1,
0.25,1.15,2.768,1778.25,2.775,1838.0,1,
0.25,1.201,2.746,1874.5,2.753,1934.5,1,
0.25,1.25,2.739,1967.25,2.739,2027.25,1,
0.25,1.3,2.789,2063.5,2.782,2123.25,1,
0.25,1.35,2.747,2158.25,2.761,2218.5,1,
0.25,1.4,2.738,2252.75,2.774,2314.25,1,
0.25,1.45,2.797,2349.25,2.819,2411.5,1,
0.25,1.5,2.753,2444.25,2.789,2507.75,1,
0.25,1.55,2.835,2542.0,2.828,2605.25,1,
0.25,1.6,2.761,2637.25,2.79,2701.5,1,
0.25,1.65,2.71,2730.75,2.724,2795.5,1,
0.25,1.7,2.768,2826.25,2.834,2893.25,1,
0.25,1.75,2.768,2921.75,2.79,2989.5,1,
0.25,1.8,2.805,3018.75,2.863,3088.5,1,
0.25,1.85,2.774,3114.25,2.818,3185.5,1,
0.25,1.9,2.747,3209.0,2.827,3283.0,1,
0.25,1.95,2.768,3304.5,2.79,3379.25,1,
0.25,2.0,2.746,3399.25,2.79,3475.5,1,
0.25,2.05,2.716,3493.0,2.753,3570.5,1,
0.25,2.1,2.776,3588.75,2.842,3668.5,1,
0.25,2.15,2.739,3683.25,2.783,3764.5,1,
0.25,2.201,2.756,3779.25,2.785,3861.5,1,
0.25,2.25,2.81,3875.25,2.817,3957.75,1,
0.25,2.3,2.739,3969.75,2.71,4051.25,1,
0.25,2.35,2.805,4066.5,2.79,4147.5,1,
0.25,2.4,2.782,4162.5,2.775,4243.25,1,
0.25,2.45,2.761,4257.75,2.79,4339.5,1,
0.25,2.5,2.79,4354.0,2.79,4435.75,1,
0.25,2.55,2.763,4449.5,2.785,4532.0,1,
0.25,2.6,2.722,4543.25,2.701,4625.0,1,
0.25,2.65,2.812,4640.25,2.783,4721.0,1,
0.25,2.7,2.761,4735.5,2.724,4815.0,1,
0.25,2.75,2.732,4829.75,2.746,4909.75,1,
0.25,2.8,2.79,4926.0,2.775,5005.5,1,
0.25,2.85,2.739,5020.5,2.775,5101.25,1,
0.25,2.9,2.79,5116.75,2.812,5198.25,1,
0.25,2.95,2.768,5212.25,2.797,5294.75,1,
0.3,0.05,0.455,15.75,0.549,19.0,0,
0.3,0.1,1.058,52.25,1.254,62.25,0,
0.3,0.15,1.471,103.0,1.696,120.75,0,
0.3,0.2,1.768,164.0,1.956,188.25,0,
0.3,0.25,2.037,234.25,2.189,263.75,0,
0.3,0.3,2.254,312.0,2.362,345.25,0,
0.3,0.35,2.384,394.25,2.536,432.75,0,
0.3,0.4,2.529,481.5,2.645,524.0,0,
0.3,0.45,2.645,572.75,2.746,618.75,0,
0.3,0.5,2.686,665.5,2.787,715.0,0,
0.3,0.55,2.712,759.0,2.799,811.5,0,
0.3,0.6,2.826,856.5,2.906,911.75,0,
0.3,0.65,2.781,952.5,2.89,1011.5,0,
0.3,0.7,2.842,1050.5,2.951,1113.25,0,
0.3,0.75,2.856,1149.0,2.957,1215.25,0,
0.3,0.8,2.897,1249.0,2.962,1317.5,0,
0.3,0.85,2.884,1348.5,2.971,1420.0,0,
0.3,0.9,2.935,1449.75,2.986,1523.0,0,
0.3,0.95,2.935,1551.5,2.949,1625.25,0,
0.3,1.0,2.862,1649.75,2.913,1725.25,1,
0.3,1.05,2.942,1751.25,2.992,1828.5,1,
0.3,1.1,2.962,1853.5,3.042,1933.5,1,
0.3,1.15,2.922,1954.25,2.98,2036.25,1,
0.3,1.2,2.94,2055.75,2.961,2138.5,1,
0.3,1.25,2.981,2158.5,3.017,2242.5,1,
0.3,1.3,2.928,2259.5,2.957,2344.5,1,
0.3,1.35,2.891,2359.25,2.993,2447.75,1,
0.3,1.4,2.906,2459.5,3.014,2551.75,1,
0.3,1.45,2.906,2559.75,3.022,2656.0,1,
0.3,1.5,2.92,2660.5,3.022,2760.25,1,
0.3,1.55,2.891,2760.25,2.971,2862.75,1,
0.3,1.6,2.95,2862.0,3.029,2967.25,1,
0.3,1.65,2.928,2963.0,2.971,3069.75,1,
0.3,1.701,2.836,3062.5,2.9,3171.5,1,
0.3,1.75,3.007,3164.5,3.051,3275.0,1,
0.3,1.801,2.88,3265.0,2.945,3377.75,1,
0.3,1.85,3.087,3370.25,3.109,3483.75,1,
0.3,1.9,2.942,3471.75,2.978,3586.5,1,
0.3,1.95,2.935,3573.0,2.978,3689.25,1,
0.3,2.0,2.935,3674.25,2.971,3791.75,1,
0.3,2.05,2.905,3774.5,2.992,3895.0,1,
0.3,2.1,2.971,3877.0,3.073,4001.0,1,
0.3,2.151,2.965,3980.0,3.051,4107.0,1,
0.3,2.201,2.933,4081.25,3.035,4211.75,1,
0.3,2.25,2.943,4182.0,3.001,4314.5,1,
0.3,2.3,2.935,4283.25,3.0,4418.0,1,
0.3,2.35,2.92,4384.0,2.985,4521.0,1,
0.3,2.4,2.913,4484.5,2.993,4624.25,1,
0.3,2.45,2.942,4586.0,2.978,4727.0,1,
0.3,2.5,2.957,4688.0,3.007,4830.75,1,
0.3,2.55,2.956,4790.0,2.978,4933.5,1,
0.3,2.6,2.963,4892.25,2.963,5035.75,1,
0.3,2.65,2.945,4993.75,2.967,5138.0,1,
0.3,2.7,2.906,5094.0,2.935,5239.25,1,
0.3,2.75,2.942,5195.5,3.0,5342.75,1,
0.3,2.8,2.957,5297.5,2.95,5444.5,1,
0.3,2.85,2.993,5400.75,3.007,5548.25,1,
0.3,2.9,2.971,5503.25,2.971,5650.75,1,
0.3,2.95,2.963,5605.5,2.971,5753.25,1,
0.35,0.05,0.621,21.5,0.527,18.25,0,
0.35,0.1,1.348,68.0,1.413,67.0,0,
0.35,0.15,1.711,127.25,1.855,131.25,0,
0.35,0.2,2.073,198.5,2.19,206.5,0,
0.35,0.25,2.319,278.5,2.391,289.0,0,
0.35,0.3,2.553,366.75,2.611,379.25,0,
0.35,0.35,2.613,456.75,2.7,472.25,0,
0.35,0.4,2.805,553.5,2.87,571.25,0,
0.35,0.45,2.87,652.5,2.942,672.75,0,
0.35,0.5,2.898,752.5,2.964,775.0,0,
0.35,0.55,2.956,854.5,3.058,880.5,0,
0.35,0.6,3.02,959.25,3.121,988.75,0,
0.35,0.65,3.039,1063.5,3.112,1095.5,0,
0.35,0.7,2.984,1166.5,3.063,1201.25,0,
0.35,0.75,3.088,1273.0,3.146,1309.75,0,
0.35,0.8,3.006,1376.75,3.064,1415.5,0,
0.35,0.85,3.132,1484.75,3.168,1524.75,0,
0.35,0.9,3.035,1589.5,3.071,1630.75,0,
0.35,0.95,3.133,1697.5,3.176,1740.25,0,
0.35,1.0,3.122,1805.25,3.115,1847.75,1,
0.35,1.05,3.154,1914.0,3.176,1957.25,1,
0.35,1.1,3.145,2022.5,3.138,2065.5,1,
0.35,1.15,3.123,2130.25,3.123,2173.25,1,
0.35,1.2,3.123,2238.0,3.167,2282.5,1,
0.35,1.25,3.108,2345.25,3.145,2391.0,1,
0.35,1.3,3.16,2454.25,3.189,2501.0,1,
0.35,1.35,3.179,2564.5,3.179,2611.25,1,
0.35,1.4,3.14,2672.25,3.14,2719.0,1,
0.35,1.45,3.101,2779.25,3.094,2825.75,1,
0.35,1.5,3.193,2889.5,3.229,2937.25,1,
0.35,1.55,3.076,2995.5,3.134,3045.25,1,
0.35,1.6,3.122,3103.25,3.158,3154.25,1,
0.35,1.65,3.154,3212.0,3.183,3264.0,1,
0.35,1.7,3.144,3320.5,3.136,3372.25,1,
0.35,1.75,3.152,3429.25,3.159,3481.25,1,
0.35,1.8,3.085,3535.75,3.129,3589.25,1,
0.35,1.85,3.175,3645.25,3.226,3700.5,1,
0.35,1.9,3.111,3752.5,3.169,3809.75,1,
0.35,1.95,3.048,3857.75,3.106,3917.0,1,
0.35,2.0,3.144,3966.75,3.137,4025.75,1,
0.35,2.05,3.089,4072.75,3.103,4132.25,1,
0.35,2.1,3.15,4182.0,3.157,4241.75,1,
0.35,2.15,3.082,4287.75,3.112,4348.5,1,
0.35,2.2,3.123,4395.5,3.167,4457.75,1,
0.35,2.25,3.116,4503.0,3.131,4565.75,1,
0.35,2.3,3.116,4610.5,3.101,4672.75,1,
0.35,2.35,3.145,4719.0,3.102,4779.75,1,
0.35,2.4,3.116,4826.5,3.065,4885.5,1,
0.35,2.45,3.171,4936.0,3.142,4994.0,1,
0.35,2.5,3.054,5041.25,3.025,5098.25,1,
0.35,2.55,3.159,5150.25,3.138,5206.5,1,
0.35,2.601,3.003,5255.25,2.982,5310.75,1,
0.35,2.65,3.194,5364.0,3.194,5419.5,1,
0.35,2.7,3.094,5470.75,3.065,5525.25,1,
0.35,2.75,3.101,5577.75,3.116,5632.75,1,
0.35,2.8,3.065,5683.5,3.109,5740.0,1,
0.35,2.85,3.109,5790.75,3.138,5848.25,1,
0.35,2.9,3.065,5896.5,3.123,5956.0,1,
0.35,2.95,3.109,6003.75,3.109,6063.25,1,
0.4,0.05,0.83,28.75,0.606,21.0,0,
0.4,0.1,1.617,84.5,1.624,77.0,0,
0.4,0.151,1.961,152.75,2.054,148.5,0,
0.4,0.2,2.274,230.5,2.435,231.75,0,
0.4,0.25,2.42,314.0,2.536,319.25,0,
0.4,0.3,2.66,405.75,2.732,413.5,0,
0.4,0.35,2.826,503.25,2.906,513.75,0,
0.4,0.4,2.95,605.0,3.015,617.75,0,
0.4,0.45,2.99,708.25,3.055,723.25,0,
0.4,0.5,3.048,813.5,3.113,830.75,0,
0.4,0.55,3.134,921.5,3.213,941.5,0,
0.4,0.6,3.183,1031.25,3.256,1053.75,0,
0.4,0.65,3.167,1140.5,3.261,1166.25,0,
0.4,0.7,3.174,1250.0,3.225,1277.5,0,
0.4,0.75,3.21,1360.75,3.232,1389.0,0,
0.4,0.8,3.156,1469.75,3.178,1498.75,0,
0.4,0.85,3.21,1580.5,3.247,1610.75,0,
0.4,0.9,3.271,1693.5,3.336,1726.0,0,
0.4,0.95,3.168,1802.5,3.204,1836.25,0,
0.4,1.0,3.245,1914.5,3.281,1949.5,1,
0.4,1.05,3.195,2024.75,3.202,2060.0,1,
0.4,1.1,3.305,2138.75,3.283,2173.25,1,
0.4,1.15,3.181,2248.5,3.188,2283.25,1,
0.4,1.2,3.275,2361.5,3.29,2396.75,1,
0.4,1.25,3.225,2472.75,3.239,2508.5,1,
0.4,1.3,3.268,2585.5,3.253,2620.75,1,
0.4,1.35,3.283,2698.75,3.254,2733.0,1,
0.4,1.4,3.239,2810.5,3.196,2843.25,1,
0.4,1.45,3.266,2923.25,3.237,2955.0,1,
0.4,1.5,3.227,3034.5,3.22,3066.0,1,
0.4,1.55,3.315,3149.5,3.308,3180.75,1,
0.4,1.601,3.246,3261.75,3.253,3293.25,1,
0.4,1.65,3.234,3372.5,3.241,3404.25,1,
0.4,1.7,3.251,3484.75,3.265,3517.0,1,
0.4,1.75,3.227,3596.0,3.235,3628.5,1,
0.4,1.8,3.225,3707.25,3.268,3741.25,1,
0.4,1.85,3.21,3818.0,3.26,3853.75,1,
0.4,1.9,3.276,3931.0,3.305,3967.75,1,
0.4,1.95,3.239,4042.75,3.261,4080.25,1,
0.4,2.0,3.261,4155.25,3.283,4193.5,1,
0.4,2.05,3.239,4267.0,3.253,4305.75,1,
0.4,2.1,3.298,4380.75,3.305,4419.75,1,
0.4,2.15,3.254,4493.0,3.276,4532.75,1,
0.4,2.2,3.275,4606.0,3.29,4646.25,1,
0.4,2.25,3.297,4719.75,3.304,4760.25,1,
0.4,2.3,3.282,4833.25,3.29,4874.0,1,
0.4,2.35,3.216,4944.0,3.209,4984.5,1,
0.4,2.4,3.317,5058.5,3.331,5099.5,1,
0.4,2.45,3.192,5168.5,3.213,5210.25,1,
0.4,2.5,3.297,5282.25,3.341,5325.5,1,
0.4,2.55,3.247,5394.25,3.261,5438.0,1,
0.4,2.6,3.262,5507.0,3.262,5550.75,1,
0.4,2.65,3.253,5619.0,3.26,5663.0,1,
0.4,2.7,3.268,5731.75,3.275,5776.0,1,
0.4,2.75,3.253,5844.0,3.282,5889.25,1,
0.4,2.8,3.254,5956.25,3.297,6003.0,1,
0.4,2.85,3.217,6067.25,3.246,6115.0,1,
0.4,2.9,3.252,6179.5,3.281,6228.25,1,
0.4,2.95,3.314,6293.75,3.314,6342.5,1,
0.45,0.05,1.045,36.25,0.836,29.0,0,
0.45,0.1,1.786,97.75,1.845,92.5,0,
0.45,0.15,2.188,173.25,2.341,173.25,0,
0.45,0.2,2.456,258.0,2.601,263.0,0,
0.45,0.25,2.791,354.25,2.812,360.0,0,
0.45,0.3,2.876,453.5,2.825,457.5,0,
0.45,0.35,3.081,559.75,3.045,562.5,0,
0.45,0.4,3.08,666.0,3.101,669.5,0,
0.45,0.45,3.151,774.75,3.202,780.0,0,
0.45,0.5,3.175,884.25,3.196,890.25,0,
0.45,0.55,3.261,997.0,3.319,1005.0,0,
0.45,0.6,3.275,1109.75,3.29,1118.25,0,
0.45,0.65,3.253,1222.0,3.246,1230.25,0,
0.45,0.7,3.326,1336.75,3.34,1345.5,0,
0.45,0.75,3.29,1450.25,3.305,1459.5,0,
0.45,0.8,3.336,1565.5,3.344,1575.0,0,
0.45,0.85,3.328,1680.25,3.343,1690.25,0,
0.45,0.9,3.326,1795.0,3.333,1805.25,0,
0.45,0.95,3.312,1909.25,3.312,1919.5,0,
0.45,1.001,3.347,2025.5,3.347,2035.75,1,
0.45,1.05,3.356,2140.5,3.341,2150.25,1,
0.45,1.101,3.339,2256.5,3.339,2266.25,1,
0.45,1.15,3.372,2372.5,3.358,2381.75,1,
0.45,1.2,3.333,2487.0,3.34,2496.5,1,
0.45,1.25,3.362,2603.0,3.348,2612.0,1,
0.45,1.3,3.309,2717.25,3.272,2725.0,1,
0.45,1.35,3.409,2834.75,3.387,2841.75,1,
0.45,1.4,3.355,2950.5,3.333,2956.75,1,
0.45,1.45,3.362,3066.5,3.348,3072.25,1,
0.45,1.5,3.383,3183.25,3.362,3188.25,1,
0.45,1.55,3.305,3297.25,3.261,3300.75,1,
0.45,1.601,3.189,3408.75,3.189,3412.25,1,
0.45,1.65,3.436,3525.75,3.451,3529.75,1,
0.45,1.701,3.37,3642.75,3.392,3647.5,1,
0.45,1.75,3.268,3754.75,3.283,3760.0,1,
0.45,1.8,3.341,3870.0,3.333,3875.0,1,
0.45,1.85,3.312,3984.25,3.275,3988.0,1,
0.45,1.9,3.377,4100.75,3.348,4103.5,1,
0.45,1.95,3.419,4218.75,3.397,4220.75,1,
0.45,2.0,3.262,4331.25,3.233,4332.25,1,
0.45,2.05,3.377,4447.75,3.363,4448.25,1,
0.45,2.1,3.348,4563.25,3.319,4562.75,1,
0.45,2.151,3.21,4676.25,3.182,4674.75,1,
0.45,2.2,3.483,4794.0,3.461,4791.75,1,
0.45,2.25,3.318,4908.5,3.318,4906.25,1,
0.45,2.3,3.319,5023.0,3.319,5020.75,1,
0.45,2.351,3.366,5140.75,3.373,5138.75,1,
0.45,2.4,3.384,5256.0,3.369,5253.5,1,
0.45,2.45,3.361,5372.0,3.346,5369.0,1,
0.45,2.5,3.339,5487.0,3.318,5483.25,1,
0.45,2.55,3.399,5604.25,3.406,5600.75,1,
0.45,2.6,3.351,5720.0,3.373,5717.25,1,
0.45,2.65,3.3,5833.75,3.3,5831.0,1,
0.45,2.7,3.392,5950.75,3.363,5947.0,1,
0.45,2.75,3.399,6068.0,3.385,6063.75,1,
0.45,2.8,3.37,6184.25,3.377,6180.25,1,
0.45,2.85,3.369,6300.5,3.384,6297.0,1,
0.45,2.901,3.334,6416.25,3.37,6414.0,1,
0.45,2.95,3.338,6530.75,3.338,6528.5,1,
0.5,0.05,1.003,34.75,0.794,27.5,0,
0.5,0.1,1.949,102.0,2.007,96.75,0,
0.5,0.15,2.312,181.75,2.435,180.75,0,
0.5,0.2,2.631,272.5,2.761,276.0,0,
0.5,0.25,2.739,367.0,2.862,374.75,0,
0.5,0.3,3.022,471.25,3.051,480.0,0,
0.5,0.35,3.078,577.5,3.042,585.0,0,
0.5,0.4,3.226,688.75,3.233,696.5,0,
0.5,0.45,3.231,800.25,3.253,808.75,0,
0.5,0.5,3.378,916.75,3.378,925.25,0,
0.5,0.55,3.369,1033.0,3.384,1042.0,0,
0.5,0.601,3.305,1148.0,3.305,1157.0,0,
0.5,0.65,3.428,1265.25,3.391,1273.0,0,
0.5,0.701,3.407,1385.5,3.393,1392.75,0,
0.5,0.751,3.454,1502.75,3.432,1509.25,0,
0.5,0.801,3.465,1622.5,3.451,1628.5,0,
0.5,0.85,3.392,1738.5,3.392,1744.5,0,
0.5,0.9,3.479,1858.75,3.428,1863.0,0,
0.5,0.95,3.39,1975.5,3.368,1979.0,0,
0.5,1.0,3.486,2095.75,3.413,2096.75,1,
0.5,1.05,3.428,2214.0,3.399,2214.0,1,
0.5,1.1,3.427,2332.25,3.427,2332.25,1,
0.5,1.15,3.49,2452.75,3.476,2452.25,1,
0.5,1.2,3.438,2571.25,3.394,2569.25,1,
0.5,1.25,3.42,2689.25,3.383,2686.0,1,
0.5,1.3,3.426,2807.5,3.383,2802.75,1,
0.5,1.35,3.47,2927.25,3.39,2919.75,1,
0.5,1.4,3.442,3046.0,3.406,3037.25,1,
0.5,1.45,3.451,3165.0,3.415,3155.0,1,
0.5,1.5,3.434,3283.5,3.384,3271.75,1,
0.5,1.55,3.472,3403.25,3.421,3389.75,1,
0.5,1.6,3.419,3521.25,3.347,3505.25,1,
0.5,1.65,3.45,3640.25,3.429,3623.5,1,
0.5,1.7,3.432,3758.75,3.425,3741.75,1,
0.5,1.75,3.444,3877.5,3.43,3860.0,1,
0.5,1.8,3.492,3998.25,3.456,3979.5,1,
0.5,1.85,3.346,4113.5,3.324,4094.0,1,
0.5,1.9,3.378,4230.0,3.371,4210.25,1,
0.5,1.95,3.472,4349.75,3.48,4330.25,1,
0.5,2.0,3.369,4466.0,3.369,4446.5,1,
0.5,2.05,3.405,4583.5,3.39,4563.5,1,
0.5,2.1,3.428,4701.75,3.42,4681.5,1,
0.5,2.15,3.45,4820.75,3.4,4798.75,1,
0.5,2.2,3.419,4938.75,3.39,4915.75,1,
0.5,2.25,3.42,5056.75,3.42,5033.75,1,
0.5,2.3,3.436,5175.25,3.414,5151.5,1,
0.5,2.35,3.418,5293.25,3.396,5268.75,1,
0.5,2.4,3.421,5411.25,3.4,5386.0,1,
0.5,2.45,3.465,5530.75,3.378,5502.5,1,
0.5,2.5,3.439,5649.5,3.41,5620.25,1,
0.5,2.55,3.43,5767.75,3.393,5737.25,1,
0.5,2.6,3.462,5887.25,3.404,5854.75,1,
0.5,2.651,3.508,6009.25,3.45,5974.75,1,
0.5,2.7,3.414,6126.0,3.341,6089.0,1,
0.5,2.75,3.454,6245.25,3.367,6205.25,1,
0.5,2.8,3.441,6364.0,3.405,6322.75,1,
0.5,2.85,3.451,6483.0,3.385,6439.5,1,
0.5,2.9,3.458,6602.25,3.421,6557.5,1,
0.5,2.95,3.45,6721.25,3.421,6675.5,1,
0.55,0.05,1.075,37.25,0.815,28.25,0,
0.55,0.101,2.118,111.5,2.14,103.25,0,
0.55,0.15,2.52,197.0,2.63,192.5,0,
0.55,0.2,2.792,293.5,2.944,294.25,0,
0.55,0.25,2.884,393.0,3.051,399.5,0,
0.55,0.3,3.004,497.0,3.098,506.75,0,
0.55,0.35,3.191,606.5,3.191,616.25,0,
0.55,0.4,3.239,718.25,3.275,729.25,0,
0.55,0.45,3.37,834.5,3.414,847.0,0,
0.55,0.5,3.384,951.25,3.434,965.5,0,
0.55,0.55,3.393,1068.25,3.43,1083.75,0,
0.55,0.6,3.456,1187.5,3.449,1202.75,0,
0.55,0.65,3.486,1307.75,3.449,1321.75,0,
0.55,0.7,3.5,1428.5,3.45,1440.75,0,
0.55,0.75,3.456,1547.75,3.42,1558.75,0,
0.55,0.8,3.537,1669.75,3.493,1679.25,0,
0.55,0.85,3.486,1790.0,3.464,1798.75,0,
0.55,0.9,3.506,1911.0,3.456,1918.0,0,
0.55,0.95,3.551,2033.5,3.486,2038.25,0,
0.55,1.0,3.478,2153.5,3.435,2156.75,1,
0.55,1.05,3.565,2276.5,3.485,2277.0,1,
0.55,1.1,3.493,2397.0,3.456,2396.25,1,
0.55,1.15,3.544,2519.25,3.515,2517.5,1,
0.55,1.2,3.493,2639.75,3.442,2636.25,1,
0.55,1.25,3.491,2760.25,3.441,2755.0,1,
0.55,1.3,3.522,2881.75,3.471,2874.75,1,
0.55,1.35,3.484,3002.0,3.448,2993.75,1,
0.55,1.4,3.53,3123.75,3.516,3115.0,1,
0.55,1.45,3.5,3244.5,3.485,3235.25,1,
0.55,1.501,3.525,3368.75,3.504,3358.75,1,
0.55,1.55,3.512,3487.25,3.438,3474.75,1,
0.55,1.601,3.338,3603.25,3.302,3589.5,1,
0.55,1.65,3.622,3727.25,3.608,3713.0,1,
0.55,1.7,3.464,3846.75,3.442,3831.75,1,
0.55,1.75,3.464,3966.25,3.399,3949.0,1,
0.55,1.8,3.529,4088.0,3.45,4068.0,1,
0.55,1.85,3.434,4206.5,3.376,4184.5,1,
0.55,1.9,3.529,4328.25,3.478,4304.5,1,
0.55,1.95,3.5,4449.0,3.471,4424.25,1,
0.55,2.0,3.5,4569.75,3.457,4543.5,1,
0.55,2.05,3.442,4688.5,3.406,4661.0,1,
0.55,2.1,3.524,4810.25,3.466,4780.75,1,
0.55,2.15,3.432,4928.5,3.381,4897.25,1,
0.55,2.2,3.544,5050.75,3.493,5017.75,1,
0.55,2.25,3.442,5169.5,3.427,5136.0,1,
0.55,2.3,3.493,5290.0,3.457,5255.25,1,
0.55,2.35,3.565,5413.25,3.486,5375.75,1,
0.55,2.4,3.514,5534.5,3.434,5494.25,1,
0.55,2.45,3.47,5654.0,3.397,5611.25,1,
0.55,2.5,3.457,5773.25,3.399,5728.5,1,
0.55,2.55,3.478,5893.25,3.464,5848.0,1,
0.55,2.6,3.493,6013.75,3.435,5966.5,1,
0.55,2.65,3.464,6133.25,3.413,6084.25,1,
0.55,2.7,3.471,6253.0,3.42,6202.25,1,
0.55,2.75,3.456,6372.25,3.435,6320.75,1,
0.55,2.8,3.464,6491.75,3.435,6439.25,1,
0.55,2.85,3.464,6611.25,3.457,6558.5,1,
0.55,2.9,3.457,6730.5,3.435,6677.0,1,
0.55,2.95,3.478,6850.5,3.471,6796.75,1,
0.6,0.051,1.356,47.75,1.043,36.75,0,
0.6,0.1,2.277,125.0,2.27,113.75,0,
0.6,0.15,2.618,215.75,2.762,209.5,0,
0.6,0.2,2.895,315.25,3.005,312.75,0,
0.6,0.25,3.184,425.5,3.191,423.25,0,
0.6,0.3,3.21,535.75,3.196,533.0,0,
0.6,0.35,3.238,647.5,3.253,645.25,0,
0.6,0.4,3.341,762.75,3.385,762.0,0,
0.6,0.45,3.376,879.25,3.391,879.0,0,
0.6,0.5,3.418,997.25,3.418,997.0,0,
0.6,0.55,3.517,1118.5,3.503,1117.75,0,
0.6,0.6,3.551,1241.0,3.5,1238.5,0,
0.6,0.65,3.485,1361.25,3.463,1358.0,0,
0.6,0.7,3.479,1481.25,3.486,1478.25,0,
0.6,0.751,3.506,1603.0,3.52,1600.5,0,
0.6,0.8,3.516,1723.5,3.523,1721.25,0,
0.6,0.85,3.449,1842.5,3.471,1841.0,0,
0.6,0.9,3.449,1961.5,3.456,1960.25,0,
0.6,0.95,3.427,2079.75,3.449,2079.25,0,
0.6,1.0,3.494,2200.25,3.508,2200.25,1,
0.6,1.05,3.522,2321.75,3.551,2322.75,1,
0.6,1.1,3.5,2442.5,3.507,2443.75,1,
0.6,1.15,3.521,2564.0,3.485,2564.0,1,
0.6,1.201,3.535,2686.75,3.506,2685.75,1,
0.6,1.25,3.523,2807.5,3.472,2804.75,1,
0.6,1.3,3.521,2929.0,3.492,2925.25,1,
0.6,1.35,3.573,3052.25,3.544,3047.5,1,
0.6,1.4,3.536,3174.25,3.5,3168.25,1,
0.6,1.451,3.504,3296.0,3.454,3288.25,1,
0.6,1.5,3.546,3417.5,3.517,3408.75,1,
0.6,1.55,3.497,3538.25,3.439,3527.5,1,
0.6,1.6,3.575,3661.5,3.524,3649.0,1,
0.6,1.651,3.543,3784.5,3.485,3770.0,1,
0.6,1.7,3.581,3907.25,3.494,3889.75,1,
0.6,1.75,3.573,4030.5,3.478,4009.75,1,
0.6,1.8,3.521,4152.0,3.448,4128.75,1,
0.6,1.85,3.588,4275.75,3.53,4250.5,1,
0.6,1.9,3.565,4398.75,3.529,4372.25,1,
0.6,1.95,3.564,4521.75,3.521,4493.75,1,
0.6,2.0,3.515,4643.0,3.465,4613.25,1,
0.6,2.05,3.555,4765.75,3.497,4734.0,1,
0.6,2.1,3.544,4888.0,3.522,4855.5,1,
0.6,2.15,3.604,5012.25,3.575,4978.75,1,
0.6,2.2,3.514,5133.5,3.5,5099.5,1,
0.6,2.25,3.511,5254.75,3.468,5219.25,1,
0.6,2.3,3.583,5378.25,3.532,5341.0,1,
0.6,2.35,3.558,5501.0,3.493,5461.5,1,
0.6,2.4,3.565,5624.0,3.5,5582.25,1,
0.6,2.45,3.536,5746.0,3.478,5702.25,1,
0.6,2.5,3.565,5869.0,3.486,5822.5,1,
0.6,2.55,3.567,5992.25,3.509,5943.75,1,
0.6,2.6,3.556,6114.75,3.469,6063.25,1,
0.6,2.65,3.522,6236.25,3.464,6182.75,1,
0.6,2.7,3.536,6358.25,3.507,6303.75,1,
0.6,2.75,3.551,6480.75,3.522,6425.25,1,
0.6,2.801,3.558,6605.25,3.486,6547.25,1,
0.6,2.85,3.511,6724.75,3.43,6664.0,1,
0.6,2.9,3.612,6849.25,3.539,6786.0,1,
0.6,2.95,3.566,6972.25,3.45,6905.0,1,
0.65,0.05,1.111,38.5,1.162,40.25,0,
0.65,0.101,2.304,118.5,2.448,125.25,0,
0.65,0.151,2.743,213.25,2.895,225.25,0,
0.65,0.2,3.081,318.75,3.19,334.5,0,
0.65,0.25,3.094,425.5,3.21,445.25,0,
0.65,0.301,3.257,540.25,3.335,562.75,0,
0.65,0.35,3.302,651.75,3.332,675.25,0,
0.65,0.401,3.491,773.0,3.541,798.25,0,
0.65,0.451,3.358,888.75,3.38,914.75,0,
0.65,0.5,3.528,1009.75,3.514,1035.25,0,
0.65,0.55,3.558,1132.5,3.536,1157.25,0,
0.65,0.6,3.529,1254.25,3.536,1279.25,0,
0.65,0.65,3.645,1380.0,3.653,1405.25,0,
0.65,0.7,3.548,1502.5,3.519,1526.75,0,
0.65,0.75,3.633,1627.75,3.59,1650.5,0,
0.65,0.8,3.645,1753.5,3.609,1775.0,0,
0.65,0.85,3.638,1879.0,3.602,1899.25,0,
0.65,0.9,3.616,2003.75,3.623,2024.25,0,
0.65,0.95,3.645,2129.5,3.624,2149.25,0,
0.65,1.0,3.661,2256.0,3.61,2274.0,1,
0.65,1.05,3.564,2378.75,3.528,2395.5,1,
0.65,1.1,3.587,2502.5,3.529,2517.25,1,
0.65,1.15,3.645,2628.25,3.609,2641.75,1,
0.65,1.2,3.609,2752.75,3.572,2765.0,1,
0.65,1.25,3.594,2876.75,3.543,2887.25,1,
0.65,1.3,3.595,3000.75,3.522,3008.75,1,
0.65,1.35,3.616,3125.5,3.558,3131.5,1,
0.65,1.4,3.638,3251.0,3.602,3255.75,1,
0.65,1.45,3.579,3374.5,3.572,3379.0,1,
0.65,1.5,3.553,3497.0,3.524,3500.5,1,
0.65,1.55,3.636,3622.5,3.607,3625.0,1,
0.65,1.601,3.63,3749.5,3.572,3750.0,1,
0.65,1.65,3.623,3873.0,3.55,3871.0,1,
0.65,1.7,3.581,3996.25,3.559,3993.5,1,
0.65,1.75,3.628,4121.75,3.592,4117.75,1,
0.65,1.8,3.632,4246.75,3.595,4241.5,1,
0.65,1.85,3.528,4368.5,3.478,4361.5,1,
0.65,1.9,3.683,4495.5,3.603,4485.75,1,
0.65,1.95,3.647,4621.75,3.539,4608.25,1,
0.65,2.0,3.556,4744.0,3.513,4729.0,1,
0.65,2.05,3.616,4868.75,3.543,4851.25,1,
0.65,2.1,3.653,4994.75,3.551,4973.75,1,
0.65,2.15,3.618,5119.5,3.539,5095.75,1,
0.65,2.2,3.657,5245.75,3.563,5218.75,1,
0.65,2.25,3.609,5370.25,3.529,5340.5,1,
0.65,2.3,3.653,5496.75,3.581,5464.5,1,
0.65,2.35,3.623,5621.5,3.543,5586.5,1,
0.65,2.4,3.594,5745.25,3.492,5706.75,1,
0.65,2.45,3.6,5869.5,3.506,5827.75,1,
0.65,2.5,3.632,5994.75,3.545,5950.0,1,
0.65,2.55,3.593,6118.75,3.521,6071.5,1,
0.65,2.6,3.628,6244.0,3.571,6194.75,1,
0.65,2.65,3.626,6369.0,3.583,6318.25,1,
0.65,2.7,3.652,6495.0,3.558,6441.0,1,
0.65,2.75,3.62,6620.0,3.54,6563.25,1,
0.65,2.8,3.647,6745.75,3.604,6687.5,1,
0.65,2.85,3.637,6871.25,3.593,6811.5,1,
0.65,2.9,3.63,6996.5,3.58,6935.0,1,
0.65,2.95,3.638,7122.0,3.573,7058.25,1,
0.7,0.05,1.436,49.75,1.104,38.25,0,
0.7,0.1,2.523,136.75,2.537,125.75,0,
0.7,0.15,2.914,237.25,2.987,228.75,0,
0.7,0.2,3.189,347.25,3.225,340.0,0,
0.7,0.25,3.253,459.5,3.268,452.75,0,
0.7,0.3,3.37,575.75,3.392,569.75,0,
0.7,0.35,3.384,692.5,3.348,685.25,0,
0.7,0.4,3.464,812.0,3.428,803.5,0,
0.7,0.45,3.572,935.25,3.551,926.0,0,
0.7,0.5,3.58,1058.75,3.536,1048.0,0,
0.7,0.55,3.638,1184.25,3.601,1172.25,0,
0.7,0.6,3.674,1311.0,3.616,1297.0,0,
0.7,0.65,3.681,1438.0,3.666,1423.5,0,
0.7,0.7,3.551,1560.5,3.536,1545.5,0,
0.7,0.75,3.688,1687.75,3.674,1672.25,0,
0.7,0.8,3.658,1814.0,3.621,1797.25,0,
0.7,0.85,3.674,1940.75,3.63,1922.5,0,
0.7,0.9,3.62,2065.75,3.577,2046.0,0,
0.7,0.95,3.603,2190.0,3.61,2170.5,0,
0.7,1.0,3.646,2315.75,3.639,2296.0,1,
0.7,1.05,3.746,2445.0,3.703,2423.75,1,
0.7,1.1,3.535,2567.0,3.499,2544.5,1,
0.7,1.15,3.738,2696.0,3.673,2671.25,1,
0.7,1.2,3.61,2820.5,3.574,2794.5,1,
0.7,1.25,3.688,2947.75,3.637,2920.0,1,
0.7,1.3,3.682,3074.75,3.624,3045.0,1,
0.7,1.35,3.629,3200.0,3.564,3168.0,1,
0.7,1.4,3.718,3328.25,3.638,3293.5,1,
0.7,1.45,3.618,3453.0,3.546,3415.75,1,
0.7,1.5,3.72,3582.0,3.677,3543.25,1,
0.7,1.551,3.623,3707.25,3.572,3666.75,1,
0.7,1.6,3.677,3833.25,3.604,3790.25,1,
0.7,1.65,3.651,3959.25,3.571,3913.5,1,
0.7,1.7,3.729,4088.25,3.628,4039.0,1,
0.7,1.75,3.665,4214.75,3.585,4162.75,1,
0.7,1.8,3.629,4339.5,3.586,4286.0,1,
0.7,1.85,3.658,4465.75,3.607,4410.5,1,
0.7,1.9,3.748,4595.0,3.661,4536.75,1,
0.7,1.95,3.652,4721.0,3.602,4661.0,1,
0.7,2.0,3.649,4847.0,3.584,4784.75,1,
0.7,2.05,3.729,4975.75,3.686,4912.0,1,
0.7,2.1,3.65,5101.5,3.607,5036.25,1,
0.7,2.15,3.652,5227.5,3.601,5160.5,1,
0.7,2.2,3.645,5353.25,3.594,5284.5,1,
0.7,2.25,3.645,5479.0,3.594,5408.5,1,
0.7,2.3,3.669,5606.0,3.611,5533.5,1,
0.7,2.35,3.652,5732.0,3.594,5657.5,1,
0.7,2.4,3.612,5856.25,3.547,5779.5,1,
0.7,2.45,3.741,5985.25,3.683,5906.5,1,
0.7,2.5,3.666,6111.75,3.593,6030.5,1,
0.7,2.55,3.667,6238.25,3.587,6154.25,1,
0.7,2.6,3.638,6363.75,3.587,6278.0,1,
0.7,2.65,3.69,6491.5,3.646,6404.25,1,
0.7,2.701,3.665,6618.5,3.607,6529.25,1,
0.7,2.75,3.713,6745.75,3.647,6654.25,1,
0.7,2.8,3.628,6870.75,3.541,6776.25,1,
0.7,2.85,3.72,6999.5,3.662,6903.0,1,
0.7,2.9,3.657,7125.25,3.599,7026.75,1,
0.7,2.95,3.627,7250.5,3.576,7150.25,1,
0.75,0.05,1.205,41.75,1.357,47.0,0,
0.75,0.1,2.471,127.0,2.674,139.25,0,
0.75,0.15,2.986,230.0,3.123,247.0,0,
0.75,0.2,3.253,342.25,3.326,361.75,0,
0.75,0.25,3.312,456.5,3.356,477.5,0,
0.75,0.3,3.311,570.75,3.369,593.75,0,
0.75,0.35,3.387,687.75,3.416,711.75,0,
0.75,0.4,3.498,808.25,3.548,834.0,0,
0.75,0.45,3.544,930.5,3.566,957.0,0,
0.75,0.5,3.616,1055.25,3.63,1082.25,0,
0.75,0.55,3.66,1181.5,3.645,1208.0,0,
0.75,0.6,3.63,1306.75,3.608,1332.5,0,
0.75,0.65,3.652,1432.75,3.623,1457.5,0,
0.75,0.7,3.696,1560.25,3.681,1584.5,0,
0.75,0.75,3.659,1686.5,3.652,1710.5,0,
0.75,0.8,3.718,1814.75,3.667,1837.0,0,
0.75,0.85,3.63,1940.0,3.587,1960.75,0,
0.75,0.9,3.71,2068.0,3.681,2087.75,0,
0.75,0.951,3.672,2195.5,3.628,2213.75,0,
0.75,1.0,3.683,2321.75,3.654,2339.0,1,
0.75,1.051,3.551,2446.5,3.494,2461.75,1,
0.75,1.1,3.784,2574.75,3.732,2588.25,1,
0.75,1.15,3.713,2702.75,3.647,2714.0,1,
0.75,1.2,3.673,2829.5,3.601,2838.25,1,
0.75,1.25,3.726,2958.0,3.689,2965.5,1,
0.75,1.3,3.638,3083.5,3.616,3090.25,1,
0.75,1.35,3.704,3211.5,3.675,3217.25,1,
0.75,1.4,3.679,3338.25,3.635,3342.5,1,
0.75,1.45,3.674,3465.0,3.631,3467.75,1,
0.75,1.5,3.617,3589.75,3.566,3590.75,1,
0.75,1.55,3.668,3716.25,3.618,3715.5,1,
0.75,1.6,3.717,3844.5,3.659,3841.75,1,
0.75,1.65,3.688,3971.75,3.652,3967.75,1,
0.75,1.7,3.667,4098.25,3.623,4092.75,1,
0.75,1.75,3.688,4225.5,3.63,4218.0,1,
0.75,1.8,3.688,4352.75,3.623,4343.0,1,
0.75,1.85,3.682,4479.75,3.653,4469.0,1,
0.75,1.9,3.681,4606.75,3.623,4594.0,1,
0.75,1.95,3.703,4734.5,3.667,4720.5,1,
0.75,2.0,3.645,4860.25,3.601,4844.75,1,
0.75,2.05,3.681,4987.25,3.616,4969.5,1,
0.75,2.1,3.681,5114.25,3.645,5095.25,1,
0.75,2.15,3.674,5241.0,3.645,5221.0,1,
0.75,2.2,3.659,5367.25,3.63,5346.25,1,
0.75,2.25,3.672,5494.0,3.621,5471.25,1,
0.75,2.3,3.666,5620.5,3.616,5596.0,1,
0.75,2.35,3.667,5747.0,3.58,5719.5,1,
0.75,2.4,3.681,5874.0,3.652,5845.5,1,
0.75,2.45,3.689,6001.25,3.652,5971.5,1,
0.75,2.5,3.671,6128.0,3.613,6096.25,1,
0.75,2.55,3.604,6252.5,3.561,6219.25,1,
0.75,2.6,3.74,6381.25,3.681,6346.0,1,
0.75,2.65,3.696,6508.75,3.623,6471.0,1,
0.75,2.7,3.688,6636.0,3.609,6595.5,1,
0.75,2.75,3.681,6763.0,3.616,6720.25,1,
0.75,2.8,3.663,6890.0,3.605,6845.25,1,
0.75,2.85,3.707,7017.25,3.627,6969.75,1,
0.75,2.9,3.688,7144.5,3.623,7094.75,1,
0.75,2.951,3.617,7270.25,3.56,7218.5,1,
0.8,0.05,1.314,45.5,1.378,47.75,0,
0.8,0.1,2.608,135.5,2.782,143.75,0,
0.8,0.15,3.102,242.5,3.21,254.5,0,
0.8,0.201,3.297,357.0,3.354,371.0,0,
0.8,0.25,3.377,472.75,3.407,487.75,0,
0.8,0.3,3.397,590.0,3.39,604.75,0,
0.8,0.35,3.531,711.75,3.48,724.75,0,
0.8,0.4,3.465,831.75,3.429,843.5,0,
0.8,0.45,3.761,961.0,3.703,970.75,0,
0.8,0.5,3.66,1087.5,3.595,1095.0,0,
0.8,0.55,3.717,1215.5,3.651,1220.75,0,
0.8,0.6,3.717,1343.75,3.63,1346.0,0,
0.8,0.65,3.732,1472.5,3.652,1472.0,0,
0.8,0.7,3.717,1600.75,3.623,1597.0,0,
0.8,0.75,3.775,1731.0,3.696,1724.5,0,
0.8,0.8,3.703,1858.75,3.623,1849.5,0,
0.8,0.85,3.732,1987.5,3.652,1975.5,0,
0.8,0.9,3.718,2115.75,3.624,2100.5,0,
0.8,0.95,3.729,2244.5,3.642,2226.25,0,
0.8,1.0,3.764,2374.25,3.698,2353.75,1,
0.8,1.05,3.709,2502.5,3.637,2479.5,1,
0.8,1.1,3.719,2630.5,3.646,2605.0,1,
0.8,1.15,3.717,2758.75,3.644,2730.75,1,
0.8,1.2,3.754,2888.25,3.681,2857.75,1,
0.8,1.25,3.679,3015.25,3.606,2982.25,1,
0.8,1.3,3.735,3144.0,3.662,3108.5,1,
0.8,1.35,3.703,3271.75,3.645,3234.25,1,
0.8,1.4,3.732,3400.5,3.645,3360.0,1,
0.8,1.45,3.696,3528.0,3.645,3485.75,1,
0.8,1.5,3.725,3656.75,3.631,3611.25,1,
0.8,1.55,3.724,3785.0,3.629,3736.25,1,
0.8,1.6,3.738,3914.25,3.637,3862.0,1,
0.8,1.65,3.749,4043.5,3.647,3987.75,1,
0.8,1.7,3.737,4172.5,3.628,4113.0,1,
0.8,1.75,3.721,4300.75,3.627,4238.0,1,
0.8,1.8,3.715,4429.0,3.621,4363.0,1,
0.8,1.85,3.681,4555.75,3.623,4487.75,1,
0.8,1.9,3.747,4685.0,3.667,4614.25,1,
0.8,1.95,3.717,4813.25,3.659,4740.5,1,
0.8,2.0,3.673,4940.0,3.601,4864.75,1,
0.8,2.05,3.762,5070.0,3.704,4992.75,1,
0.8,2.1,3.71,5198.0,3.652,5118.75,1,
0.8,2.15,3.654,5323.75,3.61,5243.0,1,
0.8,2.2,3.795,5455.0,3.745,5372.5,1,
0.8,2.25,3.635,5580.25,3.584,5496.0,1,
0.8,2.3,3.779,5710.75,3.735,5625.0,1,
0.8,2.35,3.634,5836.0,3.598,5749.0,1,
0.8,2.4,3.795,5967.5,3.737,5878.5,1,
0.8,2.45,3.728,6095.5,3.706,6005.75,1,
0.8,2.5,3.658,6221.75,3.643,6131.5,1,
0.8,2.55,3.748,6351.0,3.748,6260.75,1,
0.8,2.601,3.685,6479.0,3.663,6388.0,1,
0.8,2.65,3.761,6608.0,3.761,6517.0,1,
0.8,2.7,3.73,6736.75,3.737,6646.0,1,
0.8,2.75,3.723,6865.0,3.702,6773.5,1,
0.8,2.8,3.732,6993.75,3.71,6901.5,1,
0.8,2.85,3.664,7120.25,3.635,7027.0,1,
0.8,2.9,3.783,7250.75,3.747,7156.25,1,
0.8,2.95,3.748,7380.0,3.712,7284.25,1,
0.85,0.05,1.631,56.5,1.285,44.5,0,
0.85,0.1,2.776,152.25,2.797,141.0,0,
0.85,0.15,3.24,264.0,3.276,254.0,0,
0.85,0.2,3.428,382.25,3.435,372.5,0,
0.85,0.25,3.435,500.75,3.435,491.0,0,
0.85,0.3,3.471,620.5,3.434,609.5,0,
0.85,0.35,3.563,744.0,3.534,732.0,0,
0.85,0.4,3.56,866.25,3.546,853.75,0,
0.85,0.45,3.616,991.0,3.638,979.25,0,
0.85,0.5,3.63,1116.25,3.652,1105.25,0,
0.85,0.55,3.725,1244.75,3.718,1233.5,0,
0.85,0.6,3.631,1370.0,3.659,1359.75,0,
0.85,0.65,3.696,1497.5,3.703,1487.5,0,
0.85,0.7,3.679,1624.5,3.65,1613.5,0,
0.85,0.75,3.77,1754.5,3.741,1742.5,0,
0.85,0.8,3.723,1883.0,3.658,1868.75,0,
0.85,0.85,3.709,2011.0,3.673,1995.5,0,
0.85,0.9,3.798,2142.0,3.732,2124.25,0,
0.85,0.95,3.746,2271.25,3.681,2251.25,0,
0.85,1.0,3.79,2402.25,3.74,2380.5,1,
0.85,1.05,3.76,2531.75,3.709,2508.25,1,
0.85,1.1,3.719,2660.0,3.683,2635.25,1,
0.85,1.15,3.768,2790.0,3.732,2764.0,1,
0.85,1.2,3.768,2920.25,3.724,2892.75,1,
0.85,1.25,3.747,3049.25,3.696,3020.0,1,
0.85,1.3,3.739,3178.25,3.688,3147.25,1,
0.85,1.35,3.79,3309.0,3.746,3276.5,1,
0.85,1.4,3.747,3438.25,3.711,3404.5,1,
0.85,1.45,3.746,3567.5,3.703,3532.25,1,
0.85,1.5,3.766,3697.5,3.708,3660.25,1,
0.85,1.55,3.697,3825.0,3.676,3787.0,1,
0.85,1.6,3.79,3955.75,3.739,3916.0,1,
0.85,1.652,3.77,4090.0,3.707,4048.0,1,
0.85,1.7,3.714,4214.0,3.661,4170.25,1,
0.85,1.75,3.768,4344.0,3.696,4297.75,1,
0.85,1.8,3.81,4475.5,3.716,4426.0,1,
0.85,1.85,3.802,4607.0,3.737,4555.25,1,
0.85,1.9,3.763,4736.5,3.683,4682.0,1,
0.85,1.95,3.804,4867.75,3.71,4810.0,1,
0.85,2.0,3.807,4999.25,3.713,4938.25,1,
0.85,2.05,3.7,5126.75,3.606,5062.5,1,
0.85,2.1,3.843,5259.25,3.727,5191.0,1,
0.85,2.15,3.708,5387.25,3.65,5317.0,1,
0.85,2.2,3.828,5519.5,3.763,5447.0,1,
0.85,2.25,3.76,5649.0,3.68,5573.75,1,
0.85,2.3,3.718,5777.25,3.617,5698.5,1,
0.85,2.35,3.746,5906.5,3.681,5825.5,1,
0.85,2.401,3.824,6041.0,3.76,5957.75,1,
0.85,2.45,3.755,6168.0,3.681,6082.25,1,
0.85,2.5,3.747,6297.25,3.674,6209.0,1,
0.85,2.55,3.77,6427.75,3.712,6337.5,1,
0.85,2.6,3.73,6556.75,3.658,6464.0,1,
0.85,2.65,3.746,6685.25,3.702,6591.0,1,
0.85,2.7,3.768,6815.25,3.746,6720.25,1,
0.85,2.75,3.754,6944.75,3.717,6848.5,1,
0.85,2.8,3.781,7075.25,3.731,6977.25,1,
0.85,2.85,3.761,7205.0,3.695,7104.75,1,
0.85,2.9,3.75,7334.5,3.699,7232.5,1,
0.85,2.95,3.727,7463.0,3.677,7359.25,1,
0.9,0.05,1.687,58.5,1.254,43.5,0,
0.9,0.1,2.867,157.25,2.867,142.25,0,
0.9,0.15,3.268,270.0,3.319,256.75,0,
0.9,0.2,3.398,387.25,3.427,375.0,0,
0.9,0.25,3.471,507.0,3.478,495.0,0,
0.9,0.301,3.532,631.25,3.503,618.25,0,
0.9,0.35,3.578,752.25,3.519,737.25,0,
0.9,0.4,3.663,878.75,3.576,860.75,0,
0.9,0.45,3.685,1005.75,3.584,984.25,0,
0.9,0.5,3.725,1134.25,3.638,1109.75,0,
0.9,0.55,3.761,1264.0,3.703,1237.5,0,
0.9,0.6,3.826,1396.0,3.725,1366.0,0,
0.9,0.65,3.805,1527.25,3.703,1493.75,0,
0.9,0.7,3.775,1657.5,3.703,1621.5,0,
0.9,0.75,3.736,1786.5,3.678,1748.5,0,
0.9,0.8,3.798,1917.5,3.711,1876.5,0,
0.9,0.85,3.775,2047.75,3.696,2004.0,0,
0.9,0.9,3.83,2180.0,3.743,2133.25,0,
0.9,0.95,3.764,2309.75,3.67,2259.75,0,
0.9,1.0,3.768,2439.75,3.696,2387.25,1,
0.9,1.05,3.784,2570.25,3.711,2515.25,1,
0.9,1.1,3.769,2700.25,3.675,2642.0,1,
0.9,1.15,3.809,2831.75,3.708,2770.0,1,
0.9,1.2,3.792,2962.5,3.698,2897.5,1,
0.9,1.25,3.716,3090.75,3.622,3022.5,1,
0.9,1.3,3.859,3224.0,3.765,3152.5,1,
0.9,1.35,3.773,3354.0,3.671,3279.0,1,
0.9,1.4,3.79,3484.75,3.696,3406.5,1,
0.9,1.45,3.812,3616.25,3.659,3532.75,1,
0.9,1.5,3.76,3746.0,3.659,3659.0,1,
0.9,1.55,3.806,3877.5,3.727,3787.75,1,
0.9,1.6,3.775,4007.5,3.68,3914.5,1,
0.9,1.65,3.825,4139.5,3.695,4042.0,1,
0.9,1.7,3.812,4271.0,3.682,4169.0,1,
0.9,1.75,3.739,4400.0,3.63,4294.25,1,
0.9,1.8,3.817,4531.75,3.709,4422.25,1,
0.9,1.85,3.782,4662.25,3.688,4549.5,1,
0.9,1.9,3.731,4791.0,3.615,4674.25,1,
0.9,1.95,3.849,4923.75,3.718,4802.5,1,
0.9,2.0,3.681,5050.75,3.594,4926.5,1,
0.9,2.05,3.71,5178.75,3.631,5051.75,1,
0.9,2.1,3.625,5303.75,3.588,5175.5,1,
0.9,2.15,3.74,5432.75,3.674,5302.25,1,
0.9,2.2,3.739,5561.75,3.652,5428.25,1,
0.9,2.25,3.724,5690.25,3.622,5553.25,1,
0.9,2.3,3.754,5819.75,3.652,5679.25,1,
0.9,2.35,3.834,5952.25,3.747,5808.75,1,
0.9,2.4,3.766,6082.0,3.672,5935.25,1,
0.9,2.45,3.733,6210.75,3.632,6060.5,1,
0.9,2.5,3.807,6342.25,3.698,6188.25,1,
0.9,2.55,3.744,6471.25,3.621,6313.0,1,
0.9,2.6,3.709,6599.25,3.637,6438.5,1,
0.9,2.65,3.827,6731.5,3.769,6568.75,1,
0.9,2.7,3.724,6859.75,3.652,6694.5,1,
0.9,2.75,3.797,6990.75,3.703,6822.25,1,
0.9,2.8,3.802,7122.25,3.687,6949.75,1,
0.9,2.85,3.695,7249.5,3.608,7074.0,1,
0.9,2.9,3.819,7381.25,3.725,7202.5,1,
0.9,2.951,3.756,7511.75,3.634,7328.75,1,
0.95,0.05,1.812,62.75,1.444,50.0,0,
0.95,0.1,2.963,165.0,3.021,154.25,0,
0.95,0.15,3.341,280.25,3.385,271.0,0,
0.95,0.2,3.478,400.25,3.442,389.75,0,
0.95,0.25,3.616,525.25,3.522,511.5,0,
0.95,0.3,3.551,647.5,3.485,631.5,0,
0.95,0.35,3.566,770.5,3.537,753.5,0,
0.95,0.4,3.606,895.25,3.584,877.5,0,
0.95,0.45,3.56,1017.75,3.509,998.25,0,
0.95,0.5,3.819,1149.5,3.811,1129.75,0,
0.95,0.55,3.594,1273.5,3.587,1253.5,0,
0.95,0.6,3.789,1404.75,3.731,1382.75,0,
0.95,0.65,3.733,1533.0,3.653,1508.25,0,
0.95,0.7,3.819,1664.75,3.739,1637.25,0,
0.95,0.75,3.752,1794.25,3.665,1763.75,0,
0.95,0.8,3.828,1926.25,3.712,1891.75,0,
0.95,0.85,3.805,2057.5,3.703,2019.5,0,
0.95,0.9,3.878,2191.25,3.74,2148.5,0,
0.95,0.95,3.797,2322.25,3.688,2275.75,0,
0.95,1.0,3.818,2454.0,3.717,2404.0,1,
0.95,1.05,3.777,2584.25,3.661,2530.25,1,
0.95,1.1,3.79,2715.0,3.674,2657.0,1,
0.95,1.15,3.826,2847.0,3.71,2785.0,1,
0.95,1.2,3.746,2976.25,3.667,2911.5,1,
0.95,1.25,3.826,3108.25,3.739,3040.5,1,
0.95,1.3,3.769,3238.25,3.675,3167.25,1,
0.95,1.35,3.869,3371.75,3.753,3296.75,1,
0.95,1.4,3.738,3500.75,3.63,3422.0,1,
0.95,1.451,3.802,3632.75,3.708,3550.75,1,
0.95,1.5,3.808,3763.25,3.713,3678.0,1,
0.95,1.55,3.753,3892.75,3.659,3804.25,1,
0.95,1.6,3.877,4026.5,3.776,3934.5,1,
0.95,1.651,3.767,4159.25,3.66,4063.5,1,
0.95,1.7,3.782,4287.0,3.671,4187.5,1,
0.95,1.75,3.858,4420.0,3.771,4317.5,1,
0.95,1.8,3.804,4551.25,3.732,4446.25,1,
0.95,1.85,3.812,4683.0,3.725,4575.0,1,
0.95,1.9,3.802,4814.25,3.715,4703.25,1,
0.95,1.95,3.815,4945.75,3.721,4831.5,1,
0.95,2.0,3.768,5075.75,3.71,4959.5,1,
0.95,2.05,3.781,5206.0,3.687,5086.5,1,
0.95,2.1,3.841,5338.5,3.761,5216.25,1,
0.95,2.15,3.782,5469.0,3.681,5343.25,1,
0.95,2.2,3.856,5602.0,3.747,5472.5,1,
0.95,2.25,3.816,5733.75,3.722,5601.0,1,
0.95,2.3,3.814,5865.5,3.742,5730.25,1,
0.95,2.35,3.803,5996.75,3.731,5859.0,1,
0.95,2.4,3.738,6125.5,3.658,5985.0,1,
0.95,2.45,3.878,6259.5,3.784,6115.75,1,
0.95,2.5,2.061,6330.5,3.657,6241.75,1,
0.95,2.55,0.0,6330.5,3.759,6371.5,1,
0.95,2.6,0.0,6330.5,3.759,6501.25,1,
0.95,2.65,0.587,6350.75,3.739,6630.25,1,
0.95,2.7,3.76,6480.25,3.68,6757.0,1,
0.95,2.751,3.827,6614.0,3.72,6887.0,1,
0.95,2.8,3.833,6744.75,3.745,7014.75,1,
0.95,2.85,3.729,6873.25,3.671,7141.25,1,
0.95,2.901,3.809,7007.0,3.723,7272.0,1,
0.95,2.95,3.894,7139.25,3.791,7400.75,1,
1.0,0.05,1.487,51.5,1.516,52.5,0,
1.0,0.1,3.022,155.75,3.101,159.5,0,
1.0,0.15,3.361,271.75,3.404,277.0,0,
1.0,0.2,3.506,392.75,3.527,398.75,0,
1.0,0.25,3.611,517.25,3.597,522.75,0,
1.0,0.3,3.624,642.25,3.631,648.0,0,
1.0,0.35,3.587,766.0,3.558,770.75,0,
1.0,0.4,3.673,892.75,3.6,895.0,0,
1.0,0.45,3.805,1024.0,3.718,1023.25,0,
1.0,0.5,3.776,1154.25,3.681,1150.25,0,
1.0,0.55,3.788,1285.0,3.716,1278.5,0,
1.0,0.601,3.896,1421.75,3.832,1413.0,0,
1.0,0.65,3.793,1550.25,3.719,1539.0,0,
1.0,0.7,3.892,1684.5,3.82,1670.75,0,
1.0,0.75,3.808,1816.0,3.728,1799.5,0,
1.0,0.8,3.865,1949.25,3.793,1930.25,0,
1.0,0.85,3.797,2080.25,3.71,2058.25,0,
1.0,0.9,3.863,2213.5,3.791,2189.0,0,
1.0,0.95,3.782,2344.0,3.724,2317.5,0,
1.0,1.0,3.892,2478.25,3.784,2448.0,1,
1.0,1.05,3.826,2610.25,3.724,2576.5,1,
1.0,1.1,3.892,2744.5,3.783,2707.0,1,
1.0,1.15,3.772,2874.75,3.685,2834.25,1,
1.0,1.2,3.849,3007.5,3.77,2964.25,1,
1.0,1.25,3.849,3140.25,3.762,3094.0,1,
1.0,1.3,3.766,3270.5,3.672,3221.0,1,
1.0,1.35,3.929,3405.5,3.834,3352.75,1,
1.0,1.4,3.816,3537.25,3.729,3481.5,1,
1.0,1.45,3.891,3671.5,3.797,3612.5,1,
1.0,1.5,3.848,3804.25,3.746,3741.75,1,
1.0,1.55,3.819,3936.0,3.754,3871.25,1,
1.0,1.6,3.869,4069.5,3.746,4000.5,1,
1.0,1.65,3.855,4202.5,3.739,4129.5,1,
1.0,1.7,3.804,4333.75,3.71,4257.5,1,
1.0,1.75,3.845,4466.5,3.78,4388.0,1,
1.0,1.8,3.785,4597.0,3.713,4516.0,1,
1.0,1.85,3.804,4728.25,3.724,4644.5,1,
1.0,1.9,3.804,4859.5,3.709,4772.5,1,
1.0,1.95,3.878,4993.25,3.798,4903.5,1,
1.0,2.0,3.846,5126.0,3.759,5033.25,1,
1.0,2.051,3.763,5256.75,3.684,5161.25,1,
1.0,2.1,3.766,5385.75,3.715,5288.5,1,
1.0,2.15,3.832,5518.25,3.752,5418.25,1,
1.0,2.2,3.747,5647.25,3.675,5544.75,1,
1.0,2.25,3.812,5778.75,3.761,5674.5,1,
1.0,2.3,3.841,5911.25,3.768,5804.5,1,
1.0,2.35,3.868,6045.0,3.774,5935.0,1,
1.0,2.4,3.744,6174.0,3.664,6061.25,1,
1.0,2.45,3.873,6307.5,3.771,6191.25,1,
1.0,2.5,3.862,6440.75,3.775,6321.5,1,
1.0,2.55,3.832,6573.25,3.76,6451.5,1,
1.0,2.6,3.744,6702.25,3.679,6578.25,1,
1.0,2.65,3.836,6834.5,3.764,6708.0,1,
1.0,2.7,3.849,6967.25,3.747,6837.25,1,
1.0,2.75,3.855,7100.25,3.746,6966.5,1,
1.0,2.8,3.869,7233.75,3.753,7096.0,1,
1.0,2.85,3.819,7365.5,3.703,7223.75,1,
1.0,2.9,3.834,7497.75,3.718,7352.0,1,
1.0,2.95,3.84,7630.25,3.739,7481.0,1,
