t,target_b,speed_b,duty_b,steps_b,battery_v
0.05,3.43,0.0,1,0.0,
0.1,3.43,1.138,1,39.25,
0.15,3.43,3.116,1,146.5,
0.2,3.43,3.692,0.725,274.5,
0.25,3.43,3.766,0.569,403.75,
0.3,3.43,3.702,0.535,531.5,
0.35,3.43,3.674,0.478,658.25,
0.4,3.43,3.616,0.47,783.0,
0.45,3.43,3.581,0.449,906.75,
0.5,3.43,3.46,0.531,1026.0,
0.55,3.43,3.551,0.426,1148.5,
0.6,3.43,3.557,0.382,1271.25,
0.65,3.43,3.436,0.47,1389.75,
0.7,3.43,3.486,0.416,1510.0,
0.75,3.43,3.39,0.499,1627.0,
0.8,3.43,3.529,0.363,1748.75,
0.85,3.43,3.458,0.408,1868.0,
0.9,3.43,3.414,0.446,1986.0,
0.95,3.43,3.39,0.475,2102.75,
1.0,3.43,3.471,0.402,2222.5,
1.05,3.43,3.405,0.458,2340.0,
1.1,3.43,3.486,0.379,2460.25,
1.15,3.43,3.405,0.447,2577.75,
1.2,3.43,3.455,0.402,2697.0,
1.25,3.43,3.4,0.451,2814.25,
1.3,3.43,3.442,0.416,2933.0,
1.35,3.43,3.437,0.417,3051.75,
1.4,3.43,3.417,0.436,3169.5,
1.45,3.43,3.406,0.451,3287.0,
1.5,3.43,3.457,0.405,3406.25,
1.55,3.43,3.42,0.435,3524.25,
1.6,3.43,3.464,0.391,3643.75,
1.65,3.43,3.422,0.425,3762.0,
1.7,3.43,3.382,0.469,3878.5,
1.75,3.43,3.457,0.405,3997.75,
1.8,3.43,3.442,0.412,4116.5,
1.85,3.43,3.384,0.468,4233.25,
1.9,3.43,3.417,0.447,4351.25,
1.95,3.43,3.516,0.346,4472.5,
2.0,3.43,3.386,0.456,4589.25,
2.05,3.43,3.449,0.403,4708.25,
2.1,3.43,3.413,0.434,4826.0,
2.15,3.43,3.449,0.401,4945.0,
2.2,3.43,3.376,0.471,5061.5,
2.25,3.43,3.435,0.425,5180.0,
2.3,3.43,3.501,0.353,5301.0,
2.35,3.43,3.359,0.48,5416.75,
2.4,3.43,3.473,0.38,5536.5,
2.45,3.43,3.427,0.416,5654.75,
2.5,3.43,3.385,0.46,5771.5,
2.55,3.43,3.435,0.422,5890.0,
2.6,3.43,3.439,0.415,6008.75,
2.65,3.43,3.424,0.428,6127.0,
2.7,3.43,3.39,0.465,6243.75,
2.75,3.43,3.442,0.423,6362.5,
2.8,3.43,3.413,0.45,6480.25,
2.85,3.43,3.499,0.363,6601.25,
2.9,3.43,3.364,0.483,6717.0,
2.95,3.43,3.418,0.446,6835.0,
3.0,3.43,3.51,0.353,6956.0,
3.05,3.43,3.435,0.408,7074.5,
3.1,3.43,3.399,0.444,7191.75,
3.15,3.43,3.421,0.43,7309.75,
3.2,3.43,3.436,0.417,7428.5,
3.25,3.43,3.419,0.433,7546.25,
3.3,3.43,3.456,0.396,7665.5,
3.35,3.43,3.421,0.426,7783.5,
3.4,3.43,3.442,0.406,7902.25,
3.45,3.43,3.376,0.47,8018.75,
3.5,3.43,3.479,0.378,8138.75,
3.55,3.43,3.39,0.456,8255.75,
3.6,3.43,3.466,0.389,8375.25,
3.65,3.43,3.458,0.386,8494.75,
3.7,3.43,3.382,0.456,8611.25,
3.75,3.43,3.413,0.438,8729.0,
3.8,3.43,3.435,0.42,8847.5,
3.85,3.43,3.42,0.435,8965.5,
3.9,3.43,3.413,0.445,9083.25,
3.95,3.43,3.479,0.38,9203.25,
4.0,3.43,3.457,0.389,9322.5,
4.05,3.43,3.406,0.434,9440.0,
4.1,3.43,3.362,0.486,9556.0,
4.15,3.43,3.464,0.399,9675.5,
4.2,3.43,3.478,0.373,9795.5,
4.25,3.43,3.437,0.402,9914.25,
4.3,3.43,3.396,0.444,10031.25,
4.35,3.43,3.438,0.409,10150.0,
4.4,3.43,3.402,0.444,10267.25,
4.45,3.43,3.464,0.388,10386.75,
4.5,3.43,3.457,0.384,10506.0,
4.55,3.43,3.398,0.437,10623.25,
4.6,3.43,3.428,0.416,10741.5,
4.65,3.43,3.413,0.432,10859.25,
4.7,3.43,3.442,0.406,10978.0,
4.75,3.43,3.449,0.395,11097.0,
4.8,3.43,3.391,0.45,11214.0,
4.85,3.43,3.428,0.423,11332.25,
4.9,3.43,3.45,0.4,11451.25,
4.95,3.43,3.427,0.418,11569.5,
5.0,3.43,3.435,0.411,11688.0,
5.05,3.43,3.436,0.408,11807.0,
5.1,3.43,3.39,0.454,11923.5,
5.15,3.43,3.442,0.411,12042.25,
5.2,3.43,3.456,0.392,12161.5,
5.25,3.43,3.391,0.452,12278.5,
5.3,3.43,3.449,0.402,12397.5,
5.35,3.43,3.42,0.426,12515.5,
5.4,3.43,3.457,0.391,12634.75,
5.45,3.43,3.435,0.406,12753.25,
5.5,3.43,3.42,0.421,12871.25,
5.55,3.43,3.406,0.437,12988.75,
5.6,3.43,3.427,0.422,13107.0,
5.65,3.43,3.457,0.391,13226.25,
5.7,3.43,3.442,0.398,13345.0,
5.75,3.43,3.398,0.44,13462.25,
5.8,3.43,3.442,0.404,13581.0,
5.85,3.43,3.391,0.453,13698.0,
5.9,3.43,3.478,0.373,13818.0,
5.95,3.43,3.464,0.373,13937.5,
