t,target,speed_a,duty_a,steps_a,battery_v
0.05,0.3,0.0,0.3,0.0,
0.1,0.3,0.53,0.3,18.25,
0.15,0.3,1.486,0.3,69.5,
0.2,0.3,2.064,0.3,140.75,
0.25,0.3,2.45,0.3,225.25,
0.3,0.3,2.732,0.3,319.5,
0.35,0.3,2.841,0.3,417.5,
0.4,0.3,2.933,0.3,518.75,
0.45,0.3,3.031,0.3,623.25,
0.5,0.3,3.072,0.3,729.25,
0.55,0.3,3.137,0.3,837.5,
0.6,0.3,3.087,0.3,944.0,
0.65,0.3,3.19,0.3,1054.25,
0.7,0.3,3.092,0.3,1160.75,
0.75,0.3,3.181,0.3,1270.5,
0.8,0.3,3.166,0.3,1379.75,
0.85,0.3,3.152,0.3,1488.5,
0.9,0.3,3.136,0.3,1596.75,
0.95,0.3,3.174,0.3,1706.25,
1.0,0.3,3.183,0.3,1816.0,
1.05,0.3,3.195,0.3,1926.25,
1.1,0.3,3.145,0.3,2034.75,
1.15,0.3,3.174,0.3,2144.25,
1.2,0.3,3.18,0.3,2254.0,
1.25,0.3,3.218,0.3,2365.0,
1.3,0.3,3.174,0.3,2474.5,
1.352,0.3,3.205,0.3,2588.25,
1.4,0.3,3.141,0.3,2693.5,
1.45,0.3,3.218,0.3,2804.5,
1.5,0.3,3.197,0.3,2914.75,
1.55,0.3,3.174,0.3,3024.25,
1.6,0.3,3.181,0.3,3134.0,
1.65,0.3,3.235,0.3,3245.75,
1.7,0.3,3.164,0.3,3354.75,
1.75,0.3,3.167,0.3,3464.0,
1.8,0.3,3.202,0.3,3574.5,
1.85,0.3,3.218,0.3,3685.5,
1.9,0.3,3.205,0.3,3796.5,
1.95,0.3,3.186,0.3,3906.0,
2.0,0.3,3.159,0.3,4015.0,
2.05,0.3,3.203,0.3,4125.5,
2.1,0.3,3.24,0.3,4237.25,
2.15,0.3,3.22,0.3,4348.5,
2.2,0.3,3.131,0.3,4456.5,
2.25,0.3,3.219,0.3,4567.5,
2.3,0.3,3.224,0.3,4678.75,
2.35,0.3,3.211,0.3,4789.5,
2.4,0.3,3.174,0.3,4899.0,
2.45,0.3,3.239,0.3,5010.75,
2.5,0.3,3.159,0.3,5119.75,
2.55,0.3,3.195,0.3,5230.0,
2.6,0.3,3.18,0.3,5339.75,
2.65,0.3,3.233,0.3,5451.25,
2.7,0.3,3.226,0.3,5562.75,
2.75,0.3,3.172,0.3,5672.0,
2.8,0.3,3.203,0.3,5782.5,
2.85,0.3,3.232,0.3,5894.0,
2.9,0.3,3.145,0.3,6002.5,
2.95,0.3,3.26,0.3,6115.25,
3.0,0.3,3.143,0.3,6223.5,
3.05,0.3,3.242,0.3,6335.25,
3.1,0.3,3.181,0.3,6445.0,
3.15,0.3,3.196,0.3,6555.25,
3.2,0.3,3.234,0.3,6667.0,
3.25,0.3,3.164,0.3,6776.0,
3.3,0.3,3.224,0.3,6887.25,
3.35,0.3,3.189,0.3,6997.25,
3.4,0.3,3.233,0.3,7109.0,
3.45,0.3,3.211,0.3,7219.75,
3.5,0.3,3.157,0.3,7328.5,
3.55,0.3,3.21,0.3,7439.25,
3.6,0.3,3.203,0.3,7549.75,
3.65,0.3,3.21,0.3,7660.5,
3.7,0.3,3.21,0.3,7771.25,
3.75,0.3,3.181,0.3,7881.0,
3.801,0.3,3.222,0.3,7993.0,
3.85,0.3,3.242,0.3,8104.25,
3.9,0.3,3.189,0.3,8214.0,
3.95,0.3,3.234,0.3,8325.75,
4.0,0.3,3.187,0.3,8435.5,
4.05,0.3,3.173,0.3,8545.0,
4.1,0.3,3.212,0.3,8655.75,
4.15,0.3,3.21,0.3,8766.5,
4.2,0.3,3.21,0.3,8877.25,
4.25,0.3,3.21,0.3,8988.0,
4.3,0.3,3.232,0.3,9099.5,
4.35,0.3,3.179,0.3,9209.75,
4.4,0.3,3.19,0.3,9319.25,
4.45,0.3,3.21,0.3,9430.0,
4.5,0.3,3.196,0.3,9540.25,
4.55,0.3,3.254,0.3,9652.5,
4.6,0.3,3.166,0.3,9761.75,
4.65,0.3,3.218,0.3,9872.75,
4.7,0.3,3.181,0.3,9982.5,
4.75,0.3,3.245,0.3,10094.5,
4.8,0.3,3.167,0.3,10203.75,
4.85,0.3,3.232,0.3,10315.25,
4.9,0.3,3.174,0.3,10424.75,
4.95,0.3,3.248,0.3,10537.0,
5.0,0.3,3.18,0.3,10646.5,
5.05,0.3,3.245,0.3,10758.75,
5.1,0.3,3.175,0.3,10868.0,
5.15,0.3,3.225,0.3,10979.25,
5.2,0.3,3.231,0.3,11090.75,
5.25,0.3,3.189,0.3,11200.75,
5.3,0.3,3.195,0.3,11311.0,
5.35,0.3,3.196,0.3,11421.25,
5.4,0.3,3.21,0.3,11532.0,
5.45,0.3,3.251,0.3,11644.25,
5.5,0.3,3.17,0.3,11753.5,
5.55,0.3,3.194,0.3,11863.75,
5.6,0.3,3.224,0.3,11975.0,
5.65,0.3,3.256,0.3,12087.25,
5.7,0.3,3.203,0.3,12197.75,
5.75,0.3,3.203,0.3,12308.25,
5.8,0.3,3.232,0.3,12419.75,
5.85,0.3,3.158,0.3,12528.75,
5.9,0.3,3.255,0.3,12641.0,
5.95,0.3,3.235,0.3,12752.75,
