t,target_a,speed_a,duty_a,steps_a,battery_v
0.05,0.2,0.0,0.2,0.0,
0.1,0.2,0.262,0.2,9.0,
0.15,0.2,0.908,0.2,40.5,
0.2,0.2,1.371,0.2,87.5,
0.25,0.2,1.739,0.2,147.5,
0.3,0.2,1.971,0.2,215.5,
0.35,0.2,2.203,0.2,291.5,
0.4,0.2,2.267,0.2,369.75,
0.45,0.2,2.405,0.2,452.75,
0.5,0.2,2.473,0.2,538.0,
0.55,0.2,2.536,0.2,625.5,
0.6,0.2,2.564,0.2,714.0,
0.65,0.2,2.632,0.2,804.75,
0.7,0.2,2.666,0.2,896.75,
0.75,0.2,2.609,0.2,986.75,
0.801,0.2,2.663,0.2,1079.25,
0.85,0.2,2.633,0.2,1169.5,
0.9,0.2,2.688,0.2,1262.25,
0.95,0.2,2.698,0.2,1355.5,
1.0,0.2,2.65,0.2,1446.75,
1.05,0.2,2.71,0.2,1540.25,
1.1,0.2,2.714,0.2,1634.0,
1.15,0.2,2.676,0.2,1726.25,
1.2,0.2,2.666,0.2,1818.25,
1.25,0.2,2.71,0.2,1911.75,
1.3,0.2,2.735,0.2,2006.25,
1.35,0.2,2.656,0.2,2097.75,
1.4,0.2,2.725,0.2,2191.75,
1.45,0.2,2.727,0.2,2286.0,
1.5,0.2,2.694,0.2,2378.75,
1.55,0.2,2.703,0.2,2472.0,
1.6,0.2,2.737,0.2,2566.5,
1.65,0.2,2.661,0.2,2658.25,
1.7,0.2,2.748,0.2,2753.0,
1.75,0.2,2.681,0.2,2845.5,
1.8,0.2,2.739,0.2,2940.0,
1.85,0.2,2.696,0.2,3033.0,
1.9,0.2,2.672,0.2,3125.25,
1.95,0.2,2.756,0.2,3220.25,
2.0,0.2,2.674,0.2,3312.5,
2.05,0.2,2.754,0.2,3407.5,
2.1,0.2,2.696,0.2,3500.5,
2.15,0.2,2.725,0.2,3594.5,
2.2,0.2,2.761,0.2,3689.75,
2.25,0.2,2.734,0.2,3784.25,
2.3,0.2,2.685,0.2,3876.75,
2.35,0.2,2.779,0.2,3972.75,
2.4,0.2,2.732,0.2,4067.0,
2.45,0.2,2.713,0.2,4160.5,
2.5,0.2,2.709,0.2,4254.0,
2.55,0.2,2.74,0.2,4348.5,
2.6,0.2,2.737,0.2,4443.0,
2.65,0.2,2.777,0.2,4538.75,
2.7,0.2,2.725,0.2,4632.75,
2.75,0.2,2.732,0.2,4727.0,
2.8,0.2,2.717,0.2,4820.75,
2.85,0.2,2.73,0.2,4915.0,
2.9,0.2,2.781,0.2,5011.0,
2.95,0.2,2.738,0.2,5105.5,
